municipio,poblacion,planta_id,distancia_km,produccion_t,tkm,C_trans,C_trat,C_tot
Villarta de los Montes,587,11,117.13,293.50,34377.86,41.00,8.20,49.20
Carrascalejo,337,42,54.19,168.50,9130.37,18.97,20.06,39.03
Helechosa de los Montes,716,11,86.49,358.00,30965.17,30.27,8.20,38.48
Valdecaballeros,1218,11,67.27,609.00,40967.32,23.54,8.20,31.75
Cabañas del Castillo,423,42,32.69,211.50,6913.70,11.44,20.06,31.51
Valencia del Mombuey,782,5,69.19,391.00,27053.75,24.22,7.09,31.30
Monroy,994,33,31.43,497.00,15622.74,11.00,19.84,30.85
Santiago del Campo,307,30,25.41,153.50,3900.74,8.89,21.63,30.52
Talaván,923,30,25.31,461.50,11678.99,8.86,21.63,30.48
Granja de Torrehermosa,2377,16,44.02,1188.50,52319.01,15.41,14.40,29.80
Castilblanco,1151,11,57.66,575.50,33185.14,20.18,8.20,28.38
Higuera la Real,2474,5,60.81,1237.00,75221.44,21.28,7.09,28.37
Hinojal,441,30,18.63,220.50,4106.83,6.52,21.63,28.15
Deleitosa,838,42,23.05,419.00,9659.71,8.07,20.06,28.13
Torrejón el Rubio,614,33,21.99,307.00,6749.42,7.69,19.84,27.54
Fresnedoso de Ibor,329,42,17.19,164.50,2827.39,6.02,20.06,26.08
Malcocinado,449,10,54.90,224.50,12325.51,19.22,6.66,25.88
Villar del Pedroso,673,27,49.61,336.50,16693.61,17.36,8.41,25.77
Eljas,1033,31,48.34,516.50,24967.82,16.92,8.81,25.73
Valverde del Fresno,2509,31,47.38,1254.50,59433.57,16.58,8.81,25.40
Herrera de Alcántara,285,39,47.17,142.50,6722.33,16.51,8.61,25.12
San Martín de Trevejo,916,31,46.39,458.00,21246.06,16.24,8.81,25.05
Pedroso de Acim,115,30,9.51,57.50,546.78,3.33,21.63,24.95
Piedras Albas,207,24,19.59,103.50,2027.92,6.86,18.04,24.90
Cedillo,497,39,45.47,248.50,11299.82,15.92,8.61,24.52
Garganta. La,490,22,44.70,245.00,10951.54,15.65,8.81,24.46
Oliva de la Frontera,5612,5,49.23,2806.00,138143.82,17.23,7.09,24.32
Mirabel,730,33,12.78,365.00,4663.75,4.47,19.84,24.32
Acehúche,852,24,17.89,426.00,7621.98,6.26,18.04,24.30
Casas de Millán,690,30,7.55,345.00,2605.38,2.64,21.63,24.27
Pesga. La,1123,21,41.77,561.50,23456.15,14.62,9.38,24.00
Zah¡nos,2906,13,48.82,1453.00,70940.00,17.09,6.59,23.67
Robledollano,402,42,9.51,201.00,1911.86,3.33,20.06,23.39
Peraleda del Zaucejo,608,16,25.16,304.00,7647.49,8.80,14.40,23.20
Herreruela,386,44,37.69,193.00,7274.34,13.19,9.90,23.10
Navalvillar de Ibor,504,42,8.48,252.00,2136.52,2.97,20.06,23.03
Madrigalejo,1953,45,40.60,976.50,39641.62,14.21,8.69,22.90
Herrera del Duque,3688,11,41.87,1844.00,77203.17,14.65,8.20,22.86
Valdelacasa de Tajo,455,27,41.08,227.50,9344.65,14.38,8.41,22.79
Campillo de Deleitosa,79,27,41.01,39.50,1619.77,14.35,8.41,22.76
Al¡a,1021,45,39.40,510.50,20111.50,13.79,8.69,22.48
Cañaveral,1284,30,2.20,642.00,1411.76,0.77,21.63,22.40
Villamiel,675,31,38.40,337.50,12960.57,13.44,8.81,22.25
Baños de Montemayor,703,22,38.36,351.50,13482.41,13.42,8.81,22.24
Alcollarín,266,36,16.99,133.00,2259.84,5.95,16.09,22.04
Manchita,764,3,45.83,382.00,17507.96,16.04,5.83,21.87
Cilleros,1868,31,36.74,934.00,34317.62,12.86,8.81,21.67
Campillo de Llerena,1518,10,42.74,759.00,32435.89,14.96,6.66,21.62
Valle de Santa Ana,1192,9,49.43,596.00,29461.00,17.30,4.22,21.52
Abertura,454,36,15.50,227.00,3518.59,5.43,16.09,21.52
Villagarcía de la Torre,986,1,37.15,493.00,18316.71,13.00,8.50,21.50
Villanueva del Fresno,3678,13,42.26,1839.00,77718.38,14.79,6.59,21.38
Zarza la Mayor,1409,24,9.35,704.50,6587.32,3.27,18.04,21.31
Villamesías,311,36,14.91,155.50,2319.23,5.22,16.09,21.31
Valle de Matamoros,423,5,40.60,211.50,8586.20,14.21,7.09,21.30
Aldeacentenera,774,19,35.41,387.00,13704.18,12.39,8.81,21.21
Retamal de Llerena,501,6,35.94,250.50,9002.93,12.58,8.55,21.12
Campo Lugar,1030,36,14.29,515.00,7357.80,5.00,16.09,21.09
Valdecañas de Tajo,119,27,36.13,59.50,2149.46,12.64,8.41,21.05
Codosera. La,2322,39,35.39,1161.00,41093.03,12.39,8.61,21.00
Almoharín,1997,36,13.70,998.50,13677.99,4.79,16.09,20.89
Garciaz,851,19,34.37,425.50,14622.93,12.03,8.81,20.84
Casta¤ar de Ibor,1225,42,1.97,612.50,1209.14,0.69,20.06,20.76
Serradilla,1766,33,2.55,883.00,2253.96,0.89,19.84,20.74
Salvaleón,2049,13,39.70,1024.50,40676.37,13.90,6.59,20.48
Navalvillar de Pela,4787,45,33.53,2393.50,80248.98,11.73,8.69,20.43
Garvín,105,27,34.28,52.50,1799.71,12.00,8.41,20.41
Navezuelas,698,45,33.34,349.00,11634.95,11.67,8.69,20.36
Calera de León,1060,8,32.80,530.00,17383.94,11.48,8.84,20.32
Azuaga,8301,10,39.02,4150.50,161951.42,13.66,6.66,20.32
Madrigal de la Vera,1819,22,32.22,909.50,29305.93,11.28,8.81,20.09
Bienvenida,2326,1,33.06,1163.00,38453.71,11.57,8.50,20.07
Carbajo,227,39,32.50,113.50,3689.03,11.38,8.61,19.98
Fuenlabrada de los Montes,1955,11,33.62,977.50,32861.61,11.77,8.20,19.97
Casas de Don Pedro,1632,11,33.49,816.00,27327.29,11.72,8.20,19.92
Berrocalejo,105,27,32.89,52.50,1726.92,11.51,8.41,19.92
Mohedas de Granadilla,976,21,30.01,488.00,14644.31,10.50,9.38,19.88
Oliva de Mérida,1875,1,32.40,937.50,30379.16,11.34,8.50,19.84
Palomero,452,25,31.92,226.00,7213.40,11.17,8.64,19.81
Marchagaz,248,21,29.70,124.00,3683.01,10.40,9.38,19.77
Ceclavín,2054,24,4.89,1027.00,5018.05,1.71,18.04,19.75
Botija,199,41,31.10,99.50,3094.13,10.88,8.80,19.68
Garrovillas de Alconétar,2280,44,27.80,1140.00,31696.40,9.73,9.90,19.64
Cordobilla de Lácara,967,41,30.96,483.50,14966.83,10.83,8.80,19.63
Santibáñez el Bajo,829,22,30.57,414.50,12672.56,10.70,8.81,19.51
Cerezo,190,22,30.46,95.00,2894.06,10.66,8.81,19.48
Santa Marta de Magasca,309,19,30.45,154.50,4704.79,10.66,8.81,19.47
Hervás,4126,22,30.22,2063.00,62338.11,10.58,8.81,19.39
Valle de la Serena,1425,6,30.62,712.50,21815.11,10.72,8.55,19.26
Salorino,689,39,30.21,344.50,10406.11,10.57,8.61,19.18
Plasenzuela,538,41,29.17,269.00,7847.82,10.21,8.80,19.01
Capilla,187,7,21.43,93.50,2003.56,7.50,11.44,18.94
Guadalupe,2096,45,29.25,1048.00,30658.83,10.24,8.69,18.93
Peraleda de San Román,294,27,29.94,147.00,4401.57,10.48,8.41,18.89
Guareña,7312,3,37.30,3656.00,136377.68,13.06,5.83,18.89
Higuera de Vargas,2154,13,34.60,1077.00,37267.73,12.11,6.59,18.70
Monesterio,4378,10,34.14,2189.00,74723.69,11.95,6.66,18.61
Jaraicejo,590,27,29.06,295.00,8571.56,10.17,8.41,18.58
Cabrero,369,22,27.80,184.50,5129.19,9.73,8.81,18.54
Acebo,685,31,27.68,342.50,9481.01,9.69,8.81,18.50
Torno. El,988,22,27.64,494.00,13656.15,9.68,8.81,18.49
Jerez de los Caballeros,10237,5,32.11,5118.50,164378.18,11.24,7.09,18.33
Calzadilla de los Barros,863,5,32.05,431.50,13828.24,11.22,7.09,18.30
Ahigal,1457,22,26.84,728.50,19552.48,9.39,8.81,18.21
Cabezabellosa,418,22,26.70,209.00,5579.92,9.34,8.81,18.16
Torrejoncillo,3338,29,36.50,1669.00,60916.65,12.77,5.31,18.09
Puebla de Obando,1988,18,43.67,994.00,43405.09,15.28,2.80,18.08
Santiago de Alcántara,685,39,27.01,342.50,9251.10,9.45,8.61,18.06
Mesas de Ibor,173,27,27.39,86.50,2369.09,9.59,8.41,18.00
Rosalejo,1284,27,27.31,642.00,17530.40,9.56,8.41,17.97
Cristina,562,3,34.61,281.00,9726.11,12.11,5.83,17.95
Hoyos,976,31,25.78,488.00,12582.41,9.02,8.81,17.84
Barrado,477,22,25.69,238.50,6126.25,8.99,8.81,17.80
Peñalsordo,1210,7,18.08,605.00,10935.38,6.33,11.44,17.77
Guijo de Granadilla,625,22,25.57,312.50,7989.64,8.95,8.81,17.76
Perales del Puerto,970,31,25.45,485.00,12342.39,8.91,8.81,17.72
Barcarrota,3698,13,31.78,1849.00,58763.29,11.12,6.59,17.71
Acedera,821,3,33.91,410.50,13920.36,11.87,5.83,17.70
Membrío,851,39,25.66,425.50,10918.04,8.98,8.61,17.59
Torrequemada,604,41,25.04,302.00,7562.76,8.76,8.80,17.56
Mérida,56395,14,38.41,28197.50,1083045.92,13.44,4.03,17.47
Casar de Palomero,1378,21,22.90,689.00,15777.56,8.01,9.38,17.39
Alburquerque,5704,18,41.64,2852.00,118758.75,14.57,2.80,17.37
Piornal,1537,22,24.37,768.50,18728.36,8.53,8.81,17.34
Gordo. El,338,27,25.48,169.00,4306.28,8.92,8.41,17.33
Cheles,1287,13,30.65,643.50,19723.42,10.73,6.59,17.31
Entrín Bajo,602,4,29.75,301.00,8956.06,10.41,6.83,17.25
Usagre,1956,1,24.92,978.00,24374.97,8.72,8.50,17.22
Esparragosa de Lares,1021,11,25.66,510.50,13101.72,8.98,8.20,17.19
Ladrillar,228,21,22.26,114.00,2537.90,7.79,9.38,17.17
Santa Ana,299,41,23.85,149.50,3565.74,8.35,8.80,17.15
Miajadas,10338,36,2.78,5169.00,14357.21,0.97,16.09,17.06
Cabeza la Vaca,1479,8,23.30,739.50,17233.13,8.16,8.84,17.00
Robledillo de Trujillo,420,41,23.42,210.00,4918.76,8.20,8.80,17.00
Puebla de la Reina,860,1,24.04,430.00,10337.14,8.41,8.50,16.91
Don Álvaro,743,14,36.79,371.50,13666.16,12.88,4.03,16.91
Villanueva de la Vera,2108,22,22.74,1054.00,23968.49,7.96,8.81,16.77
Orellana de la Sierra,311,3,31.07,155.50,4831.17,10.87,5.83,16.71
Escurial,851,36,1.69,425.50,720.25,0.59,16.09,16.68
Casas de Don Antonio,213,41,22.44,106.50,2390.26,7.86,8.80,16.65
Nava de Santiago. La,1089,14,36.04,544.50,19622.85,12.61,4.03,16.65
Montemolín,1534,10,28.42,767.00,21801.16,9.95,6.66,16.61
Llera,947,1,23.14,473.50,10957.59,8.10,8.50,16.60
Valverde de Llerena,714,10,28.31,357.00,10106.75,9.91,6.66,16.57
Berlanga,2484,10,28.29,1242.00,35139.60,9.90,6.66,16.56
Monterrubio de la Serena,2710,16,6.05,1355.00,8196.34,2.12,14.40,16.51
Pinofranqueado,1687,21,20.36,843.50,17174.73,7.13,9.38,16.50
Zorita,1673,45,22.32,836.50,18672.72,7.81,8.69,16.50
Torre de Miguel Sesmero,1257,13,28.34,628.50,17809.13,9.92,6.59,16.50
Villagonzalo,1348,14,35.57,674.00,23974.17,12.45,4.03,16.48
Santa Cruz de Paniagua,315,25,22.38,157.50,3524.70,7.83,8.64,16.47
Fuente de Cantos,5039,10,27.81,2519.50,70060.67,9.73,6.66,16.39
Conquista de la Sierra,210,19,21.44,105.00,2251.39,7.50,8.81,16.32
Benquerencia,98,41,21.36,49.00,1046.80,7.48,8.80,16.28
Alcántara,1653,44,18.09,826.50,14954.41,6.33,9.90,16.24
Puebla de la Calzada,5903,4,26.75,2951.50,78938.17,9.36,6.83,16.19
Carmonita,581,41,20.97,290.50,6090.49,7.34,8.80,16.14
Higuera de la Serena,1043,6,21.66,521.50,11297.79,7.58,8.55,16.13
Cumbre. La,982,19,20.89,491.00,10257.97,7.31,8.81,16.12
Ruanes,68,41,20.72,34.00,704.54,7.25,8.80,16.05
Corte de Peleas,1307,4,26.15,653.50,17090.19,9.15,6.83,15.99
Montijo,16236,4,26.09,8118.00,211797.26,9.13,6.83,15.96
Zarza-Capilla,403,7,12.88,201.50,2595.66,4.51,11.44,15.95
Torremocha,1038,41,20.32,519.00,10544.11,7.11,8.80,15.91
Torrecilla de los Ángeles,687,31,20.03,343.50,6878.68,7.01,8.81,15.82
Valdetorres,1331,3,28.46,665.50,18937.59,9.96,5.83,15.79
Maguilla,1084,10,26.08,542.00,14136.37,9.13,6.66,15.79
Mata de Alcántara,330,44,16.74,165.00,2761.56,5.86,9.90,15.76
Nogales,724,9,32.96,362.00,11932.17,11.54,4.22,15.75
Puebla de Alcocer,1272,11,21.42,636.00,13620.62,7.50,8.20,15.70
Valverde de la Vera,588,22,19.65,294.00,5776.06,6.88,8.81,15.69
Santa Marta,4322,9,32.75,2161.00,70766.44,11.46,4.22,15.68
Palomas,701,1,20.29,350.50,7112.94,7.10,8.50,15.60
Valdastillas,380,22,19.27,190.00,3661.89,6.75,8.81,15.56
Villar de Plasencia,229,22,19.26,114.50,2205.71,6.74,8.81,15.56
Almendral,1307,13,25.56,653.50,16704.47,8.95,6.59,15.53
Peraleda de la Mata,1453,27,20.26,726.50,14718.23,7.09,8.41,15.50
Garlitos,681,11,20.67,340.50,7037.19,7.23,8.20,15.44
Rebollar,237,22,18.79,118.50,2226.87,6.58,8.81,15.39
Bohonal de Ibor,535,27,19.95,267.50,5335.67,6.98,8.41,15.39
Arroyomolinos de la Vera,497,22,18.57,248.50,4613.78,6.50,8.81,15.31
Talaveruela de la Vera,365,22,18.52,182.50,3380.08,6.48,8.81,15.30
Zarza de Montánchez,619,41,18.56,309.50,5743.85,6.50,8.80,15.29
Torrecillas de la Tiesa,1179,19,18.49,589.50,10897.68,6.47,8.81,15.28
Puebla del Maestre,777,10,24.45,388.50,9500.50,8.56,6.66,15.22
Berzocana,528,45,18.53,264.00,4891.62,6.49,8.69,15.18
Villanueva de la Sierra,514,25,18.67,257.00,4798.76,6.54,8.64,15.17
Gata,1662,31,18.15,831.00,15080.48,6.35,8.81,15.17
Calzadilla,485,20,18.00,242.50,4364.12,6.30,8.73,15.03
Herguijuela,366,19,17.73,183.00,3244.06,6.20,8.81,15.02
Viandar de la Vera,266,22,17.64,133.00,2345.96,6.17,8.81,14.99
Valencia de las Torres,687,10,23.71,343.50,8142.99,8.30,6.66,14.96
Fuentes de León,2571,8,17.39,1285.50,22349.27,6.08,8.84,14.93
Roca de la Sierra. La,1526,18,34.59,763.00,26388.51,12.10,2.80,14.90
Navas del Madro¤o,1444,44,14.25,722.00,10287.15,4.99,9.90,14.89
Casas del Castañar,639,29,27.26,319.50,8710.20,9.54,5.31,14.85
Orellana la Vieja,3015,3,25.73,1507.50,38792.47,9.01,5.83,14.84
Casillas de Coria,470,20,17.45,235.00,4100.36,6.11,8.73,14.84
Aliseda,1982,46,32.41,991.00,32120.89,11.34,3.49,14.83
Valdemorales,230,41,17.21,115.00,1979.61,6.02,8.80,14.82
Caminomorisco,1258,21,15.53,629.00,9771.42,5.44,9.38,14.82
Tejeda de Tiétar,887,22,17.04,443.50,7556.07,5.96,8.81,14.78
Salvatierra de Santiago,302,41,16.92,151.00,2555.41,5.92,8.80,14.72
Albuera. La,1986,4,22.47,993.00,22308.11,7.86,6.83,14.70
Táliga,801,13,23.14,400.50,9266.41,8.10,6.59,14.68
Zarza. La,3563,14,30.39,1781.50,54132.68,10.64,4.03,14.67
Villasbuenas de Gata,456,31,16.53,228.00,3769.32,5.79,8.81,14.60
Puerto de Santa Cruz,393,19,16.29,196.50,3201.66,5.70,8.81,14.51
Alconchel,1951,13,22.27,975.50,21728.27,7.80,6.59,14.38
Holguera,758,29,25.91,379.00,9821.73,9.07,5.31,14.38
Aldea del Obispo. La,350,19,15.87,175.00,2777.38,5.55,8.81,14.37
Hornachos,3867,1,16.65,1933.50,32184.34,5.83,8.50,14.33
Zalamea de la Serena,3978,6,16.48,1989.00,32775.06,5.77,8.55,14.31
Madroñera,2916,19,15.58,1458.00,22715.47,5.45,8.81,14.26
Ibahernando,488,19,15.49,244.00,3779.13,5.42,8.81,14.23
Baterno,352,11,17.14,176.00,3015.96,6.00,8.20,14.20
Casares de las Hurdes,528,21,13.69,264.00,3614.85,4.79,9.38,14.17
Portezuelo,268,20,15.40,134.00,2064.23,5.39,8.73,14.12
Gargüera,132,29,25.14,66.00,1658.99,8.80,5.31,14.11
Santa Cruz de la Sierra,270,19,15.08,135.00,2036.10,5.28,8.81,14.09
Talarrubias,3630,11,16.77,1815.00,30441.11,5.87,8.20,14.07
Aldea del Cano,721,46,29.62,360.50,10677.75,10.37,3.49,13.85
San Vicente de Alcántara,5808,39,14.85,2904.00,43119.96,5.20,8.61,13.81
Valverde de Mérida,1159,14,27.91,579.50,16176.59,9.77,4.03,13.80
Torre de Don Miguel,568,31,14.21,284.00,4035.66,4.97,8.81,13.79
Ahillones,1052,10,20.34,526.00,10699.72,7.12,6.66,13.78
Hernán-Pérez,518,31,14.15,259.00,3665.11,4.95,8.81,13.77
Solana de los Barros,2826,14,27.64,1413.00,39056.47,9.67,4.03,13.71
Cachorrilla,93,20,14.18,46.50,659.30,4.96,8.73,13.69
Higuera de Llerena,353,10,19.99,176.50,3529.03,7.00,6.66,13.66
Jarilla,154,22,13.81,77.00,1063.45,4.83,8.81,13.65
Salvatierra de los Barros,1788,9,26.76,894.00,23927.51,9.37,4.22,13.59
Tamurejo,259,11,15.37,129.50,1989.77,5.38,8.20,13.58
Garganta la Olla,1062,22,13.37,531.00,7098.76,4.68,8.81,13.49
Garbayuela,547,11,15.11,273.50,4131.44,5.29,8.20,13.49
Guijo de Coria,231,25,13.85,115.50,1599.51,4.85,8.64,13.48
Pasarón de la Vera,677,22,13.18,338.50,4460.76,4.61,8.81,13.43
Lobón,2723,4,18.80,1361.50,25592.20,6.58,6.83,13.41
Casas de Miravete,145,27,14.21,72.50,1030.28,4.97,8.41,13.38
Tornavacas,1181,22,12.69,590.50,7495.54,4.44,8.81,13.26
Santa Amalia,4326,3,21.17,2163.00,45781.12,7.41,5.83,13.24
Valencia del Ventoso,2249,5,17.51,1124.50,19685.25,6.13,7.09,13.21
Serrejón,444,27,13.65,222.00,3031.02,4.78,8.41,13.19
Higuera,100,27,13.55,50.00,677.68,4.74,8.41,13.15
Villa del Campo,555,25,12.90,277.50,3579.82,4.52,8.64,13.15
Zarza de Granadilla,1864,22,12.17,932.00,11341.73,4.26,8.81,13.07
Pescueza,157,20,12.31,78.50,966.73,4.31,8.73,13.04
Villa del Rey,157,44,8.93,78.50,700.76,3.12,9.90,13.03
Esparragosa de la Serena,1088,6,12.64,544.00,6876.24,4.42,8.55,12.97
Puebla de Sancho P‚rez,2899,5,16.65,1449.50,24135.40,5.83,7.09,12.92
Santibáñez el Alto,436,31,11.65,218.00,2539.67,4.08,8.81,12.89
Cañamero,1787,45,11.88,893.50,10610.72,4.16,8.69,12.85
Segura de León,2140,8,11.36,1070.00,12156.33,3.98,8.84,12.82
Riolobos,1257,29,21.35,628.50,13417.54,7.47,5.31,12.78
Cuacos de Yuste,915,22,11.32,457.50,5179.89,3.96,8.81,12.78
Alange,2005,14,24.97,1002.50,25029.25,8.74,4.03,12.77
Pozuelo de Zarzón,564,25,11.77,282.00,3319.89,4.12,8.64,12.76
Villar de Rena,1457,3,19.68,728.50,14333.76,6.89,5.83,12.72
Malpartida de la Serena,662,6,11.89,331.00,3934.07,4.16,8.55,12.71
Valdefuentes,1415,41,11.13,707.50,7873.70,3.90,8.80,12.69
Trujillo,9822,19,10.96,4911.00,53819.10,3.84,8.81,12.65
Casas de Don Gómez,347,20,11.16,173.50,1935.74,3.90,8.73,12.64
Aceituna,617,25,11.26,308.50,3474.74,3.94,8.64,12.58
Fuente del Arco,750,10,16.86,375.00,6323.55,5.90,6.66,12.56
Villar del Rey,2386,18,27.72,1193.00,33068.09,9.70,2.80,12.50
Belvís de Monroy,670,27,11.49,335.00,3850.41,4.02,8.41,12.43
Aljucén,252,14,23.94,126.00,3016.51,8.38,4.03,12.41
Morera. La,752,9,23.30,376.00,8759.34,8.15,4.22,12.37
Romangordo,224,27,11.16,112.00,1250.42,3.91,8.41,12.32
Risco,166,11,11.73,83.00,973.71,4.11,8.20,12.31
San Pedro de Mérida,880,14,23.26,440.00,10235.62,8.14,4.03,12.17
Casas del Monte,766,22,9.58,383.00,3670.18,3.35,8.81,12.17
Hinojosa del Valle,558,1,10.36,279.00,2891.07,3.63,8.50,12.13
Torremayor,1004,14,23.12,502.00,11606.40,8.09,4.03,12.12
Huélaga,196,20,9.55,98.00,935.82,3.34,8.73,12.07
Alcuéscar,3010,41,9.23,1505.00,13887.18,3.23,8.80,12.03
Toril,179,27,10.27,89.50,919.09,3.59,8.41,12.00
Torreorgaz,1764,46,24.30,882.00,21434.14,8.51,3.49,11.99
Cabeza del Buey,5411,7,1.54,2705.50,4165.59,0.54,11.44,11.98
Valdeobispo,761,29,19.06,380.50,7250.84,6.67,5.31,11.98
Robledillo de Gata,124,31,9.03,62.00,560.16,3.16,8.81,11.98
Benquerencia de la Serena,948,6,9.68,474.00,4587.52,3.39,8.55,11.93
Villafranca de los Barros,13356,1,9.80,6678.00,65455.94,3.43,8.50,11.93
Valdehúncar,212,27,9.92,106.00,1051.01,3.47,8.41,11.88
Villanueva de la Serena,25838,3,17.14,12919.00,221402.90,6.00,5.83,11.83
Navaconcejo,2074,22,8.54,1037.00,8860.41,2.99,8.81,11.80
Medell¡n,2337,3,17.05,1168.50,19924.18,5.97,5.83,11.80
Arroyomolinos,999,41,8.47,499.50,4229.80,2.96,8.80,11.76
Aldehuela de Jerte,338,29,18.43,169.00,3114.68,6.45,5.31,11.76
Almendralejo,33588,9,21.51,16794.00,361304.22,7.53,4.22,11.75
Rena,669,3,16.86,334.50,5639.29,5.90,5.83,11.73
Aldeanueva de la Vera,2275,22,8.31,1137.50,9450.74,2.91,8.81,11.72
Valdelacalzada,2804,18,25.48,1402.00,35726.60,8.92,2.80,11.72
Guijo de Santa Bárbara,410,22,8.14,205.00,1667.68,2.85,8.81,11.66
Guijo de Galisteo,1611,25,8.51,805.50,6851.92,2.98,8.64,11.61
Collado,201,22,7.98,100.50,802.13,2.79,8.81,11.61
Torre de Santa María,632,41,7.86,316.00,2485.11,2.75,8.80,11.55
Granja. La,361,22,7.78,180.50,1403.57,2.72,8.81,11.54
Lapa. La,296,9,20.77,148.00,3073.24,7.27,4.22,11.49
Burguillos del Cerro,3286,5,12.56,1643.00,20631.87,4.40,7.09,11.48
Majadas,1297,27,8.77,648.50,5688.52,3.07,8.41,11.48
Arroyo de la Luz,6517,46,22.81,3258.50,74321.37,7.98,3.49,11.47
Nuñomoral,1435,21,5.95,717.50,4270.21,2.08,9.38,11.46
Medina de las Torres,1338,5,12.47,669.00,8340.66,4.36,7.09,11.45
Coria,12896,20,7.63,6448.00,49176.69,2.67,8.73,11.40
Robledillo de la Vera,305,22,7.37,152.50,1124.48,2.58,8.81,11.39
Bodonal de la Sierra,1139,8,7.26,569.50,4134.46,2.54,8.84,11.38
Torremenga,621,22,7.07,310.50,2195.61,2.47,8.81,11.29
Aceuchal,5679,9,20.00,2839.50,56782.18,7.00,4.22,11.22
Losar de la Vera,2966,22,6.82,1483.00,10110.45,2.39,8.81,11.20
Sierra de Fuentes,2085,46,21.86,1042.50,22788.09,7.65,3.49,11.14
Morcillo,418,25,7.00,209.00,1463.07,2.45,8.64,11.09
Segura de Toro,186,22,6.42,93.00,597.32,2.25,8.81,11.06
Sancti-Spíritus,237,11,8.12,118.50,962.54,2.84,8.20,11.05
Carrascalejo. El,85,14,19.98,42.50,849.33,6.99,4.03,11.03
Parra. La,1390,9,19.45,695.00,13518.53,6.81,4.22,11.03
Navalmoral de la Mata,17228,27,7.24,8614.00,62406.91,2.54,8.41,10.95
Descargamaría,190,31,6.08,95.00,577.18,2.13,8.81,10.94
Brozas,2123,44,2.95,1061.50,3128.28,1.03,9.90,10.94
Galisteo,1968,29,16.07,984.00,15809.89,5.62,5.31,10.93
Jerte,1332,22,5.61,666.00,3738.05,1.96,8.81,10.78
Oliva de Plasencia,286,29,15.53,143.00,2221.14,5.44,5.31,10.75
Cabezuela del Valle,2129,22,5.51,1064.50,5861.24,1.93,8.81,10.74
Abadía,325,22,5.14,162.50,835.21,1.80,8.81,10.61
Reina,201,10,11.18,100.50,1123.14,3.91,6.66,10.57
Millanes,257,27,6.17,128.50,793.28,2.16,8.41,10.57
Mirandilla,1377,14,18.47,688.50,12716.66,6.46,4.03,10.50
Jara¡z de la Vera,6467,22,4.75,3233.50,15373.67,1.66,8.81,10.48
Gargantilla,440,22,4.72,220.00,1038.51,1.65,8.81,10.47
Campanario,5367,3,13.19,2683.50,35398.47,4.62,5.83,10.45
Saucedilla,804,27,5.79,402.00,2329.05,2.03,8.41,10.44
Valverde de Burguillos,322,5,9.34,161.00,1503.43,3.27,7.09,10.36
Portaje,415,20,4.62,207.50,957.91,1.62,8.73,10.35
Valverde de Leganés,4155,13,10.71,2077.50,22260.08,3.75,6.59,10.34
Garrovilla. La,2506,14,17.95,1253.00,22497.58,6.28,4.03,10.32
Carcaboso,1108,29,14.24,554.00,7889.95,4.98,5.31,10.30
Magacela,607,3,12.50,303.50,3794.71,4.38,5.83,10.21
Cadalso,506,31,3.91,253.00,989.06,1.37,8.81,10.18
Fregenal de la Sierra,5237,8,3.43,2618.50,8972.24,1.20,8.84,10.04
Montehermoso,5799,25,3.91,2899.50,11342.65,1.37,8.64,10.01
Jarandilla de la Vera,3129,22,3.34,1564.50,5230.90,1.17,8.81,9.98
Albalá,798,41,3.35,399.00,1337.59,1.17,8.80,9.97
Haba. La,1367,3,11.65,683.50,7964.85,4.08,5.83,9.91
Mengabril,487,3,11.64,243.50,2833.48,4.07,5.83,9.91
Puebla del Prior,545,1,4.00,272.50,1088.79,1.40,8.50,9.90
Trujillanos,1439,14,16.62,719.50,11959.73,5.82,4.03,9.85
Talayuela,9222,27,4.02,4611.00,18546.46,1.41,8.41,9.82
Moraleja,7998,20,3.09,3999.00,12343.27,1.08,8.73,9.81
Montánchez,2040,41,2.71,1020.00,2759.22,0.95,8.80,9.75
Alconera,737,5,7.44,368.50,2742.41,2.60,7.09,9.69
Torremej¡a,2228,14,16.07,1114.00,17900.03,5.62,4.03,9.66
Casas de Reina,196,10,8.34,98.00,817.62,2.92,6.66,9.58
Castuera,6594,6,2.88,3297.00,9496.95,1.01,8.55,9.55
Casatejada,1399,27,3.23,699.50,2261.19,1.13,8.41,9.54
Valencia de Alcántara,6178,39,2.59,3089.00,8014.38,0.91,8.61,9.52
Siruela,2192,11,3.69,1096.00,4041.44,1.29,8.20,9.49
Quintana de la Serena,5069,6,2.57,2534.50,6508.67,0.90,8.55,9.44
Villalba de los Barros,1654,9,14.89,827.00,12313.70,5.21,4.22,9.43
Feria,1341,9,14.72,670.50,9866.73,5.15,4.22,9.37
Malpartida de Plasencia,4627,29,11.51,2313.50,26617.71,4.03,5.31,9.34
Logrosán,2090,45,1.63,1045.00,1707.72,0.57,8.69,9.26
Aldeanueva del Camino,800,22,0.82,400.00,327.24,0.29,8.81,9.10
Santos de Maimona. Los,8193,9,13.93,4096.50,57082.83,4.88,4.22,9.09
Trasierra,691,10,6.91,345.50,2388.58,2.42,6.66,9.08
Zafra,16424,9,13.79,8212.00,113257.99,4.83,4.22,9.04
Pueblonuevo del Guadiana,2018,18,17.64,1009.00,17801.46,6.17,2.80,8.97
Almaraz,1321,27,1.21,660.50,799.81,0.42,8.41,8.83
Esparragalejo,1580,14,13.50,790.00,10664.64,4.72,4.03,8.76
Ribera del Fresno,3466,1,0.60,1733.00,1038.35,0.21,8.50,8.71
Malpartida de Cáceres,4469,46,14.92,2234.50,33336.86,5.22,3.49,8.71
Don Benito,35791,3,8.11,17895.50,145142.60,2.84,5.83,8.67
Atalaya,338,5,4.33,169.00,731.85,1.52,7.09,8.60
Talavera la Real,5509,4,3.21,2754.50,8841.84,1.12,6.83,7.96
Coronada. La,2239,3,5.44,1119.50,6088.49,1.90,5.83,7.74
Olivenza,11852,13,3.17,5926.00,18760.89,1.11,6.59,7.69
Arroyo de San Serván,4276,14,10.35,2138.00,22134.67,3.62,4.03,7.66
Llerena,5997,10,2.72,2998.50,8141.43,0.95,6.66,7.61
Cáceres,93131,46,11.23,46565.50,523115.10,3.93,3.49,7.42
Plasencia,41148,29,5.72,20574.00,117591.41,2.00,5.31,7.31
Badajoz,148334,18,10.40,74167.00,771470.16,3.64,2.80,6.44
Casar de Cáceres,4879,46,5.99,2439.50,14621.76,2.10,3.49,5.58
Fuente del Maestre,6962,9,2.68,3481.00,9323.61,0.94,4.22,5.15
Calamonte,6178,14,2.78,3089.00,8580.53,0.97,4.03,5.00
