municipio,planta_id,poblacion,produccion_t,d_km,d_obra_km,C_loopA_euro_t,LC0_euro_hab,CE0_kg_hab,LC_S1_euro_hab,CE_S1_kg_hab,LC_S2_euro_hab,CE_S2_kg_hab,onsite_S2,LC_S2cap_euro_hab,CE_S2cap_kg_hab,onsite_S2cap,LC_S3_euro_hab,CE_S3_kg_hab,onsite_S3,credito_EF5_kg_hab
Villarta de los Montes,11,587,293.5,117.13,33.44,60.90,30.4521,5.7671,22.4850,2.9586,22.4850,2.9586,1,22.4850,2.9586,1,18.3434,2.9586,1,0.2500
Carrascalejo,42,337,168.5,54.19,16.65,44.86,22.4290,3.3752,21.6329,1.7626,21.6329,1.7626,1,21.6329,1.7626,1,14.8306,1.7626,1,0.2500
Helechosa de los Montes,11,716,358.0,86.49,33.44,50.17,25.0871,4.8479,19.0352,2.4990,19.0352,2.4990,1,19.0352,2.4990,1,15.6609,2.4990,1,0.2500
Valdecaballeros,11,1218,609.0,67.27,33.44,43.44,21.7221,4.2713,15.9136,2.2107,15.9136,2.2107,1,15.9136,2.2107,1,13.9784,2.2107,1,0.2500
Cabañas del Castillo,42,423,211.5,32.69,16.65,37.33,18.6640,2.7302,18.2422,1.4401,18.2422,1.4401,1,18.2422,1.4401,1,12.9481,1.4401,1,0.2500
Valencia del Mombuey,5,782,391.0,69.19,32.00,42.51,21.2551,4.2857,16.8245,2.2179,16.8245,2.2179,1,16.8245,2.2179,1,13.7067,2.2179,1,0.2500
Monroy,33,994,497.0,31.43,14.27,35.84,17.9178,2.6211,14.4740,1.3855,14.4740,1.3855,1,14.4740,1.3855,1,12.5680,1.3855,1,0.2500
Santiago del Campo,30,307,153.5,25.41,12.90,35.04,17.5176,2.3993,19.9021,1.2747,17.5176,2.3993,0,17.5176,2.3993,0,12.4237,1.2747,1,0.2500
Talaván,30,923,461.5,25.31,12.90,35.01,17.5026,2.3963,14.4599,1.2732,14.4599,1.2732,1,14.4599,1.2732,1,12.4162,1.2732,1,0.2500
Granja de Torrehermosa,16,2377,1188.5,44.02,23.94,38.19,19.0942,3.2887,13.5988,1.7194,13.5988,1.7194,1,13.5988,1.7194,1,12.9861,1.7194,1,0.2500
Castilblanco,11,1151,575.5,57.66,33.44,40.08,20.0421,3.9830,15.1931,2.0665,15.1931,2.0665,1,15.1931,2.0665,1,13.1384,2.0665,1,0.2500
Higuera la Real,5,2474,1237.0,60.81,32.00,39.57,19.7851,4.0343,13.9030,2.0922,13.9030,2.0922,1,13.9030,2.0922,1,12.9717,2.0922,1,0.2500
Hinojal,30,441,220.5,18.63,12.90,32.67,16.3326,2.1959,16.8352,1.1730,16.3326,2.1959,0,16.3326,2.1959,0,11.8312,1.1730,1,0.2500
Deleitosa,42,838,419.0,23.05,16.65,33.96,16.9790,2.4410,14.4728,1.2955,14.4728,1.2955,1,14.4728,1.2955,1,12.1056,1.2955,1,0.2500
Torrejón el Rubio,33,614,307.0,21.99,14.27,32.53,16.2628,2.3379,15.2030,1.2439,15.2030,1.2439,1,15.2030,1.2439,1,11.7405,1.2439,1,0.2500
Fresnedoso de Ibor,42,329,164.5,17.19,16.65,31.91,15.9540,2.2652,18.5758,1.2076,15.9540,2.2652,0,15.9540,2.2652,0,11.5931,1.2076,1,0.2500
Malcocinado,10,449,224.5,54.90,26.70,35.23,17.6128,3.6981,17.3743,1.9240,17.3743,1.9240,1,17.3743,1.9240,1,11.8755,1.9240,1,0.2500
Villar del Pedroso,27,673,336.5,49.61,9.83,29.21,14.6052,3.0332,14.0173,1.5916,14.0173,1.5916,1,14.0173,1.5916,1,10.3656,1.5916,1,0.2500
Eljas,31,1033,516.5,48.34,30.51,36.41,18.2037,3.6154,14.5220,1.8827,14.5220,1.8827,1,14.5220,1.8827,1,12.2710,1.8827,1,0.2500
Valverde del Fresno,31,2509,1254.5,47.38,30.51,36.07,18.0337,3.5866,13.0133,1.8683,13.0133,1.8683,1,13.0133,1.8683,1,12.1860,1.8683,1,0.2500
Herrera de Alcántara,39,285,142.5,47.17,16.47,30.89,15.4431,3.1593,19.4935,1.6547,15.4431,3.1593,0,15.4431,3.1593,0,10.8640,1.6547,1,0.2500
San Martín de Trevejo,31,916,458.0,46.39,30.51,35.73,17.8637,3.5569,14.6611,1.8535,14.6611,1.8535,1,14.6611,1.8535,1,12.1010,1.8535,1,0.2500
Pedroso de Acim,30,115,57.5,9.51,12.90,29.48,14.7376,1.9223,32.1079,1.0362,14.7376,1.9223,0,14.7376,1.9223,0,11.0337,1.0362,1,0.2500
Piedras Albas,24,207,103.5,19.59,9.40,28.19,14.0953,2.1198,22.1250,1.1349,14.0953,2.1198,0,14.0953,2.1198,0,10.6005,1.1349,1,0.2500
Cedillo,39,497,248.5,45.47,16.47,30.30,15.1481,3.1083,15.6042,1.6292,15.1481,3.1083,0,15.1481,3.1083,0,10.7165,1.6292,1,0.2500
Garganta. La,22,490,245.0,44.70,14.86,29.66,14.8297,3.0367,15.5169,1.5933,14.8297,3.0367,0,14.8297,3.0367,0,10.4646,1.5933,1,0.2500
Oliva de la Frontera,5,5612,2806.0,49.23,32.00,35.52,17.7601,3.6869,12.3255,1.9185,12.3255,1.9185,1,12.3255,1.9185,1,11.9592,1.9185,1,0.2500
Mirabel,33,730,365.0,12.78,14.27,29.31,14.6528,2.0616,13.7510,1.1058,13.7510,1.1058,1,13.7510,1.1058,1,10.9355,1.1058,1,0.2500
Acehúche,24,852,426.0,17.89,9.40,27.59,13.7953,2.0688,12.8319,1.1094,12.8319,1.1094,1,12.8319,1.1094,1,10.4505,1.1094,1,0.2500
Casas de Millán,30,690,345.0,7.55,12.90,28.79,14.3926,1.8635,13.8195,1.0068,13.8195,1.0068,1,13.8195,1.0068,1,10.8612,1.0068,1,0.2500
Pesga. La,21,1123,561.5,41.77,21.42,31.50,15.7493,3.1458,13.1009,1.6479,13.1009,1.6479,1,13.1009,1.6479,1,11.1568,1.6479,1,0.2500
Zah¡nos,13,2906,1453.0,48.82,22.19,31.45,15.7237,3.3804,11.7221,1.7652,11.7221,1.7652,1,11.7221,1.7652,1,10.9292,1.7652,1,0.2500
Robledollano,42,402,201.0,9.51,16.65,29.22,14.6090,2.0348,16.5234,1.0924,14.6090,2.0348,0,14.6090,2.0348,0,10.9206,1.0924,1,0.2500
Peraleda del Zaucejo,16,608,304.0,25.16,23.94,31.58,15.7892,2.7229,15.0064,1.4365,15.0064,1.4365,1,15.0064,1.4365,1,11.3336,1.4365,1,0.2500
Herreruela,44,386,193.0,37.69,16.91,29.01,14.5045,2.8880,16.7290,1.5190,14.5045,2.8880,0,14.5045,2.8880,0,10.5508,1.5190,1,0.2500
Navalvillar de Ibor,42,504,252.0,8.48,16.65,28.86,14.4290,2.0039,15.1748,1.0770,14.4290,2.0039,0,14.4290,2.0039,0,10.8306,1.0770,1,0.2500
Madrigalejo,45,1953,976.5,40.60,26.24,32.08,16.0411,3.2551,12.3007,1.7025,12.3007,1.7025,1,12.3007,1.7025,1,11.1709,1.7025,1,0.2500
Herrera del Duque,11,3688,1844.0,41.87,33.44,34.55,17.2771,3.5093,12.3164,1.8297,12.3164,1.8297,1,12.3164,1.8297,1,11.7559,1.8297,1,0.2500
Valdelacasa de Tajo,27,455,227.5,41.08,9.83,26.23,13.1152,2.7773,15.0521,1.4636,13.1152,2.7773,0,13.1152,2.7773,0,9.6206,1.4636,1,0.2500
Campillo de Deleitosa,27,79,39.5,41.01,9.83,26.20,13.1002,2.7752,41.1957,1.4626,13.1002,2.7752,0,13.1002,2.7752,0,9.6131,1.4626,1,0.2500
Al¡a,45,1021,510.5,39.40,26.24,31.66,15.8311,3.2191,13.3641,1.6845,13.3641,1.6845,1,13.3641,1.6845,1,11.0659,1.6845,1,0.2500
Cañaveral,30,1284,642.0,2.20,12.90,26.92,13.4576,1.7030,11.6758,0.9265,11.6758,0.9265,1,11.6758,0.9265,1,10.3937,0.9265,1,0.2500
Villamiel,31,675,337.5,38.40,30.51,32.93,16.4637,3.3172,14.9356,1.7336,14.9356,1.7336,1,14.9356,1.7336,1,11.4010,1.7336,1,0.2500
Baños de Montemayor,22,703,351.5,38.36,14.86,27.43,13.7147,2.8465,13.4135,1.4982,13.4135,1.4982,1,13.4135,1.4982,1,9.9071,1.4982,1,0.2500
Alcollarín,36,266,133.0,16.99,5.80,24.07,12.0352,1.9337,18.4161,1.0419,12.0352,1.9337,0,12.0352,1.9337,0,9.1816,1.0419,1,0.2500
Manchita,3,764,382.0,45.83,15.82,27.41,13.7039,3.0996,13.1242,1.6248,13.1242,1.6248,1,13.1242,1.6248,1,9.8784,1.6248,1,0.2500
Cilleros,31,1868,934.0,36.74,30.51,32.35,16.1737,3.2674,12.4252,1.7087,12.4252,1.7087,1,12.4252,1.7087,1,11.2560,1.7087,1,0.2500
Campillo de Llerena,10,1518,759.0,42.74,26.70,30.97,15.4828,3.3333,12.3883,1.7416,12.3883,1.7416,1,12.3883,1.7416,1,10.8105,1.7416,1,0.2500
Valle de Santa Ana,9,1192,596.0,49.43,18.53,28.01,14.0036,3.2889,12.0991,1.7195,12.0991,1.7195,1,12.0991,1.7195,1,10.0315,1.7195,1,0.2500
Abertura,36,454,227.0,15.50,5.80,23.55,11.7752,1.8890,14.3942,1.0195,11.7752,1.8890,0,11.7752,1.8890,0,9.0516,1.0195,1,0.2500
Villagarcía de la Torre,1,986,493.0,37.15,15.43,26.90,13.4501,2.8274,12.2606,1.4887,12.2606,1.4887,1,12.2606,1.4887,1,9.8046,1.4887,1,0.2500
Villanueva del Fresno,13,3678,1839.0,42.26,22.19,29.15,14.5737,3.1836,10.9666,1.6668,10.9666,1.6668,1,10.9666,1.6668,1,10.3542,1.6668,1,0.2500
Zarza la Mayor,24,1409,704.5,9.35,9.40,24.60,12.3003,1.8126,10.9245,0.9813,10.9245,0.9813,1,10.9245,0.9813,1,9.7030,0.9813,1,0.2500
Villamesías,36,311,155.5,14.91,5.80,23.34,11.6702,1.8713,16.8737,1.0107,11.6702,1.8713,0,11.6702,1.8713,0,8.9991,1.0107,1,0.2500
Valle de Matamoros,5,423,211.5,40.60,32.00,32.50,16.2501,3.4280,17.0352,1.7890,16.2501,3.4280,0,16.2501,3.4280,0,11.2042,1.7890,1,0.2500
Aldeacentenera,19,774,387.0,35.41,15.66,26.68,13.3396,2.7820,12.8998,1.4660,12.8998,1.4660,1,12.8998,1.4660,1,9.8020,1.4660,1,0.2500
Retamal de Llerena,6,501,250.5,35.94,9.98,24.62,12.3111,2.6275,14.1456,1.3888,12.3111,2.6275,0,12.3111,2.6275,0,9.2729,1.3888,1,0.2500
Campo Lugar,36,1030,515.0,14.29,5.80,23.12,11.5602,1.8527,11.2073,1.0014,11.2073,1.0014,1,11.2073,1.0014,1,8.9441,1.0014,1,0.2500
Valdecañas de Tajo,27,119,59.5,36.13,9.83,24.49,12.2452,2.6288,30.1310,1.3894,12.2452,2.6288,0,12.2452,2.6288,0,9.1856,1.3894,1,0.2500
Codosera. La,39,2322,1161.0,35.39,16.47,26.77,13.3831,2.8059,10.7682,1.4780,10.7682,1.4780,1,10.7682,1.4780,1,9.8340,1.4780,1,0.2500
Almoharín,36,1997,998.5,13.70,5.80,22.91,11.4552,1.8350,9.9795,0.9925,9.9795,0.9925,1,9.9795,0.9925,1,8.8916,0.9925,1,0.2500
Garciaz,19,851,425.5,34.37,15.66,26.32,13.1596,2.7508,12.5175,1.4504,12.5175,1.4504,1,12.5175,1.4504,1,9.7120,1.4504,1,0.2500
Casta¤ar de Ibor,42,1225,612.5,1.97,16.65,26.58,13.2890,1.8086,11.6853,0.9793,11.6853,0.9793,1,11.6853,0.9793,1,10.2606,0.9793,1,0.2500
Serradilla,33,1766,883.0,2.55,14.27,25.73,12.8628,1.7547,10.8470,0.9523,10.8470,0.9523,1,10.8470,0.9523,1,10.0405,0.9523,1,0.2500
Salvaleón,13,2049,1024.5,39.70,22.19,28.26,14.1287,3.1068,11.2845,1.6284,11.2845,1.6284,1,11.2845,1.6284,1,10.1317,1.6284,1,0.2500
Navalvillar de Pela,45,4787,2393.5,33.53,26.24,29.60,14.8011,3.0430,10.9228,1.5965,10.9228,1.5965,1,10.9228,1.5965,1,10.5509,1.5965,1,0.2500
Garvín,27,105,52.5,34.28,9.83,23.85,11.9252,2.5733,32.7721,1.3616,11.9252,2.5733,0,11.9252,2.5733,0,9.0256,1.3616,1,0.2500
Navezuelas,45,698,349.0,33.34,26.24,29.54,14.7711,3.0373,13.9672,1.5936,13.9672,1.5936,1,13.9672,1.5936,1,10.5359,1.5936,1,0.2500
Calera de León,8,1060,530.0,32.80,12.07,24.54,12.2724,2.5961,11.4947,1.3731,11.4947,1.3731,1,11.4947,1.3731,1,9.3197,1.3731,1,0.2500
Azuaga,10,8301,4150.5,39.02,26.70,29.67,14.8328,3.2217,10.7176,1.6858,10.7176,1.6858,1,10.7176,1.6858,1,10.4855,1.6858,1,0.2500
Madrigal de la Vera,22,1819,909.5,32.22,14.86,25.29,12.6447,2.6623,10.6967,1.4061,10.6967,1.4061,1,10.6967,1.4061,1,9.3721,1.4061,1,0.2500
Bienvenida,1,2326,1163.0,33.06,15.43,25.47,12.7351,2.7047,10.4424,1.4273,10.4424,1.4273,1,10.4424,1.4273,1,9.4471,1.4273,1,0.2500
Carbajo,39,227,113.5,32.50,16.47,25.76,12.8781,2.7192,20.4522,1.4346,12.8781,2.7192,0,12.8781,2.7192,0,9.5815,1.4346,1,0.2500
Fuenlabrada de los Montes,11,1955,977.5,33.62,33.44,31.67,15.8371,3.2618,12.1973,1.7059,12.1973,1.7059,1,12.1973,1.7059,1,11.0359,1.7059,1,0.2500
Casas de Don Pedro,11,1632,816.0,33.49,33.44,31.62,15.8121,3.2579,12.4379,1.7040,12.4379,1.7040,1,12.4379,1.7040,1,11.0234,1.7040,1,0.2500
Berrocalejo,27,105,52.5,32.89,9.83,23.36,11.6802,2.5316,32.6496,1.3408,11.6802,2.5316,0,11.6802,2.5316,0,8.9031,1.3408,1,0.2500
Mohedas de Granadilla,21,976,488.0,30.01,21.42,27.38,13.6893,2.7930,12.4061,1.4715,12.4061,1.4715,1,12.4061,1.4715,1,10.1268,1.4715,1,0.2500
Oliva de Mérida,1,1875,937.5,32.40,15.43,25.24,12.6201,2.6849,10.6434,1.4174,10.6434,1.4174,1,10.6434,1.4174,1,9.3896,1.4174,1,0.2500
Palomero,25,452,226.0,31.92,8.52,22.79,11.3954,2.4631,14.2287,1.3065,11.3954,2.4631,0,11.3954,2.4631,0,8.9234,1.3065,1,0.2500
Marchagaz,21,248,124.0,29.70,21.42,27.28,13.6393,2.7837,19.9003,1.4669,13.6393,2.7837,0,13.6393,2.7837,0,10.1018,1.4669,1,0.2500
Ceclavín,24,2054,1027.0,4.89,9.40,23.04,11.5203,1.6788,9.9773,0.9144,9.9773,0.9144,1,9.9773,0.9144,1,9.3130,0.9144,1,0.2500
Botija,41,199,99.5,31.10,14.01,24.58,12.2924,2.6034,21.7090,1.3767,12.2924,2.6034,0,12.2924,2.6034,0,9.3121,1.3767,1,0.2500
Garrovillas de Alconétar,44,2280,1140.0,27.80,16.91,25.55,12.7745,2.5913,10.4838,1.3707,10.4838,1.3707,1,10.4838,1.3707,1,9.6858,1.3707,1,0.2500
Cordobilla de Lácara,41,967,483.5,30.96,14.01,24.53,12.2674,2.5992,11.7190,1.3746,11.7190,1.3746,1,11.7190,1.3746,1,9.2996,1.3746,1,0.2500
Santibáñez el Bajo,22,829,414.5,30.57,14.86,24.71,12.3547,2.6128,12.1930,1.3814,12.1930,1.3814,1,12.1930,1.3814,1,9.2271,1.3814,1,0.2500
Cerezo,22,190,95.0,30.46,14.86,24.67,12.3347,2.6095,22.3252,1.3797,12.3347,2.6095,0,12.3347,2.6095,0,9.2171,1.3797,1,0.2500
Santa Marta de Magasca,19,309,154.5,30.45,15.66,24.95,12.4746,2.6332,17.3279,1.3916,12.4746,2.6332,0,12.4746,2.6332,0,9.3695,1.3916,1,0.2500
Hervás,22,4126,2063.0,30.22,14.86,24.59,12.2947,2.6023,9.7533,1.3761,9.7533,1.3761,1,9.7533,1.3761,1,9.1971,1.3761,1,0.2500
Valle de la Serena,6,1425,712.5,30.62,9.98,22.76,11.3811,2.4679,10.4449,1.3090,10.4449,1.3090,1,10.4449,1.3090,1,8.8079,1.3090,1,0.2500
Salorino,39,689,344.5,30.21,16.47,24.95,12.4731,2.6505,12.8650,1.4003,12.4731,2.6505,0,12.4731,2.6505,0,9.3790,1.4003,1,0.2500
Plasenzuela,41,538,269.0,29.17,14.01,23.91,11.9574,2.5455,13.6256,1.3478,11.9574,2.5455,0,11.9574,2.5455,0,9.1446,1.3478,1,0.2500
Capilla,7,187,93.5,21.43,5.46,20.85,10.4264,2.0568,21.5822,1.1034,10.4264,2.0568,0,10.4264,2.0568,0,8.5599,1.1034,1,0.2500
Guadalupe,45,2096,1048.0,29.25,26.24,28.11,14.0561,2.9146,11.2208,1.5323,11.2208,1.5323,1,11.2208,1.5323,1,10.1784,1.5323,1,0.2500
Peraleda de San Román,27,294,147.0,29.94,9.83,22.33,11.1652,2.4431,17.0860,1.2965,11.1652,2.4431,0,11.1652,2.4431,0,8.6456,1.2965,1,0.2500
Guareña,3,7312,3656.0,37.30,15.82,24.43,12.2139,2.8437,9.4489,1.4968,9.4489,1.4968,1,9.4489,1.4968,1,9.1334,1.4968,1,0.2500
Higuera de Vargas,13,2154,1077.0,34.60,22.19,26.47,13.2337,2.9538,10.7775,1.5519,10.7775,1.5519,1,10.7775,1.5519,1,9.6842,1.5519,1,0.2500
Monesterio,10,4378,2189.0,34.14,26.70,27.96,13.9778,3.0753,10.5599,1.6126,10.5599,1.6126,1,10.5599,1.6126,1,10.0580,1.6126,1,0.2500
Jaraicejo,27,590,295.0,29.06,9.83,22.02,11.0102,2.4167,12.7424,1.2833,11.0102,2.4167,0,11.0102,2.4167,0,8.5681,1.2833,1,0.2500
Cabrero,22,369,184.5,27.80,14.86,23.74,11.8697,2.5297,15.7099,1.3398,11.8697,2.5297,0,11.8697,2.5297,0,8.9846,1.3398,1,0.2500
Acebo,31,685,342.5,27.68,30.51,29.18,14.5887,2.9956,13.9440,1.5728,13.9440,1.5728,1,13.9440,1.5728,1,10.4635,1.5728,1,0.2500
Torno. El,22,988,494.0,27.64,14.86,23.69,11.8447,2.5249,11.4527,1.3374,11.4527,1.3374,1,11.4527,1.3374,1,8.9721,1.3374,1,0.2500
Jerez de los Caballeros,5,10237,5118.5,32.11,32.00,29.53,14.7651,3.1733,10.6267,1.6617,10.6267,1.6617,1,10.6267,1.6617,1,10.4617,1.6617,1,0.2500
Calzadilla de los Barros,5,863,431.5,32.05,32.00,29.51,14.7551,3.1715,13.2744,1.6608,13.2744,1.6608,1,13.2744,1.6608,1,10.4567,1.6608,1,0.2500
Ahigal,22,1457,728.5,26.84,14.86,23.40,11.6997,2.5009,10.5657,1.3254,10.5657,1.3254,1,10.5657,1.3254,1,8.8996,1.3254,1,0.2500
Cabezabellosa,22,418,209.0,26.70,14.86,23.35,11.6747,2.4967,14.8182,1.3233,11.6747,2.4967,0,11.6747,2.4967,0,8.8871,1.3233,1,0.2500
Torrejoncillo,29,3338,1669.0,36.50,9.76,21.50,10.7486,2.6379,9.1232,1.3939,9.1232,1.3939,1,9.1232,1.3939,1,8.4186,1.3939,1,0.2500
Puebla de Obando,18,1988,994.0,43.67,12.70,22.53,11.2631,2.9412,9.8891,1.5456,9.8891,1.5456,1,9.8891,1.5456,1,8.6467,1.5456,1,0.2500
Santiago de Alcántara,39,685,342.5,27.01,16.47,23.83,11.9131,2.5545,12.6062,1.3523,11.9131,2.5545,0,11.9131,2.5545,0,9.0990,1.3523,1,0.2500
Mesas de Ibor,27,173,86.5,27.39,9.83,21.44,10.7202,2.3666,22.8110,1.2583,10.7202,2.3666,0,10.7202,2.3666,0,8.4231,1.2583,1,0.2500
Rosalejo,27,1284,642.0,27.31,9.83,21.41,10.7052,2.3642,10.2997,1.2571,10.2997,1.2571,1,10.2997,1.2571,1,8.4156,1.2571,1,0.2500
Cristina,3,562,281.0,34.61,15.82,23.48,11.7389,2.7630,13.3179,1.4565,11.7389,2.7630,0,11.7389,2.7630,0,8.8959,1.4565,1,0.2500
Hoyos,31,976,488.0,25.78,30.51,28.51,14.2537,2.9386,12.6883,1.5443,12.6883,1.5443,1,12.6883,1.5443,1,10.2960,1.5443,1,0.2500
Barrado,22,477,238.5,25.69,14.86,23.00,11.4997,2.4664,13.9909,1.3082,11.4997,2.4664,0,11.4997,2.4664,0,8.7996,1.3082,1,0.2500
Peñalsordo,7,1210,605.0,18.08,5.46,19.68,9.8414,1.9563,9.9868,1.0532,9.8414,1.9563,0,9.8414,1.9563,0,8.2674,1.0532,1,0.2500
Guijo de Granadilla,22,625,312.5,25.57,14.86,22.96,11.4797,2.4628,12.7398,1.3064,11.4797,2.4628,0,11.4797,2.4628,0,8.7896,1.3064,1,0.2500
Perales del Puerto,31,970,485.0,25.45,30.51,28.40,14.1987,2.9287,12.6767,1.5394,12.6767,1.5394,1,12.6767,1.5394,1,10.2685,1.5394,1,0.2500
Barcarrota,13,3698,1849.0,31.78,22.19,25.48,12.7387,2.8692,10.0454,1.5096,10.0454,1.5096,1,10.0454,1.5096,1,9.4367,1.5096,1,0.2500
Acedera,3,821,410.5,33.91,15.82,23.24,11.6189,2.7420,11.8545,1.4460,11.6189,2.7420,0,11.6189,2.7420,0,8.8359,1.4460,1,0.2500
Membrío,39,851,425.5,25.66,16.47,23.36,11.6781,2.5140,11.7768,1.3320,11.6781,2.5140,0,11.6781,2.5140,0,8.9815,1.3320,1,0.2500
Torrequemada,41,604,302.0,25.04,14.01,22.46,11.2324,2.4216,12.7553,1.2858,11.2324,2.4216,0,11.2324,2.4216,0,8.7821,1.2858,1,0.2500
Mérida,14,56395,28197.5,38.41,30.94,28.30,14.1501,3.3306,10.1194,1.7403,10.1194,1.7403,1,10.1194,1.7403,1,10.1025,1.7403,1,0.2500
Casar de Palomero,21,1378,689.0,22.90,21.42,24.89,12.4443,2.5797,11.0364,1.3649,11.0364,1.3649,1,11.0364,1.3649,1,9.5043,1.3649,1,0.2500
Alburquerque,18,5704,2852.0,41.64,12.70,21.82,10.9081,2.8803,8.8923,1.5151,8.8923,1.5151,1,8.8923,1.5151,1,8.4692,1.5151,1,0.2500
Piornal,22,1537,768.5,24.37,14.86,22.54,11.2697,2.4268,10.2614,1.2884,10.2614,1.2884,1,10.2614,1.2884,1,8.6846,1.2884,1,0.2500
Gordo. El,27,338,169.0,25.48,9.83,20.77,10.3852,2.3093,15.5891,1.2296,10.3852,2.3093,0,10.3852,2.3093,0,8.2556,1.2296,1,0.2500
Cheles,13,1287,643.5,30.65,22.19,25.09,12.5437,2.8353,11.2143,1.4926,11.2143,1.4926,1,11.2143,1.4926,1,9.3392,1.4926,1,0.2500
Entrín Bajo,4,602,301.0,29.75,21.80,24.87,12.4355,2.7966,13.3706,1.4733,12.4355,2.7966,0,12.4355,2.7966,0,9.2907,1.4733,1,0.2500
Usagre,1,1956,978.0,24.92,15.43,22.62,11.3101,2.4605,9.9332,1.3052,9.9332,1.3052,1,9.9332,1.3052,1,8.7346,1.3052,1,0.2500
Esparragosa de Lares,11,1021,510.5,25.66,33.44,28.88,14.4421,3.0230,12.6696,1.5865,12.6696,1.5865,1,12.6696,1.5865,1,10.3384,1.5865,1,0.2500
Ladrillar,21,228,114.0,22.26,21.42,24.67,12.3343,2.5605,20.1321,1.3553,12.3343,2.5605,0,12.3343,2.5605,0,9.4493,1.3553,1,0.2500
Santa Ana,41,299,149.5,23.85,14.01,22.05,11.0274,2.3859,16.8749,1.2680,11.0274,2.3859,0,11.0274,2.3859,0,8.6796,1.2680,1,0.2500
Miajadas,36,10338,5169.0,2.78,5.80,19.09,9.5452,1.5074,8.0144,0.8287,8.0144,0.8287,1,8.0144,0.8287,1,7.9366,0.8287,1,0.2500
Cabeza la Vaca,8,1479,739.5,23.30,12.07,21.22,10.6124,2.3111,9.9966,1.2306,9.9966,1.2306,1,9.9966,1.2306,1,8.4897,1.2306,1,0.2500
Robledillo de Trujillo,41,420,210.0,23.42,14.01,21.90,10.9524,2.3730,14.4286,1.2615,10.9524,2.3730,0,10.9524,2.3730,0,8.6421,1.2615,1,0.2500
Puebla de la Reina,1,860,430.0,24.04,15.43,22.31,11.1551,2.4341,11.4846,1.2920,11.1551,2.4341,0,11.1551,2.4341,0,8.6571,1.2920,1,0.2500
Don Álvaro,14,743,371.5,36.79,30.94,27.74,13.8701,3.2820,13.2998,1.7160,13.2998,1.7160,1,13.2998,1.7160,1,9.9625,1.7160,1,0.2500
Villanueva de la Vera,22,2108,1054.0,22.74,14.86,21.97,10.9847,2.3779,9.6783,1.2639,9.6783,1.2639,1,9.6783,1.2639,1,8.5421,1.2639,1,0.2500
Orellana de la Sierra,3,311,155.5,31.07,15.82,22.24,11.1189,2.6568,16.5981,1.4034,11.1189,2.6568,0,11.1189,2.6568,0,8.5859,1.4034,1,0.2500
Escurial,36,851,425.5,1.69,5.80,18.71,9.3552,1.4747,10.6153,0.8124,9.3552,1.4747,0,9.3552,1.4747,0,7.8416,0.8124,1,0.2500
Casas de Don Antonio,41,213,106.5,22.44,14.01,21.56,10.7824,2.3436,20.1283,1.2468,10.7824,2.3436,0,10.7824,2.3436,0,8.5571,1.2468,1,0.2500
Nava de Santiago. La,14,1089,544.5,36.04,30.94,27.47,13.7351,3.2595,12.1632,1.7048,12.1632,1.7048,1,12.1632,1.7048,1,9.8950,1.7048,1,0.2500
Montemolín,10,1534,767.0,28.42,26.70,25.96,12.9778,2.9037,11.1186,1.5268,11.1186,1.5268,1,11.1186,1.5268,1,9.5580,1.5268,1,0.2500
Llera,1,947,473.5,23.14,15.43,22.00,11.0001,2.4071,11.1400,1.2785,11.0001,2.4071,0,11.0001,2.4071,0,8.5796,1.2785,1,0.2500
Valverde de Llerena,10,714,357.0,28.31,26.70,25.92,12.9578,2.9004,12.9803,1.5252,12.9578,2.9004,0,12.9578,2.9004,0,9.5480,1.5252,1,0.2500
Berlanga,10,2484,1242.0,28.29,26.70,25.91,12.9528,2.8998,10.4829,1.5249,10.4829,1.5249,1,10.4829,1.5249,1,9.5455,1.5249,1,0.2500
Monterrubio de la Serena,16,2710,1355.0,6.05,23.94,24.90,12.4492,2.1496,10.1471,1.1498,10.1471,1.1498,1,10.1471,1.1498,1,9.6636,1.1498,1,0.2500
Pinofranqueado,21,1687,843.5,20.36,21.42,24.01,12.0043,2.5035,10.4841,1.3268,10.4841,1.3268,1,10.4841,1.3268,1,9.2843,1.3268,1,0.2500
Zorita,45,1673,836.5,22.32,26.24,25.68,12.8411,2.7067,10.9149,1.4283,10.9149,1.4283,1,10.9149,1.4283,1,9.5709,1.4283,1,0.2500
Torre de Miguel Sesmero,13,1257,628.5,28.34,22.19,24.28,12.1387,2.7660,11.0582,1.4580,11.0582,1.4580,1,11.0582,1.4580,1,9.1367,1.4580,1,0.2500
Villagonzalo,14,1348,674.0,35.57,30.94,27.31,13.6551,3.2454,11.6821,1.6977,11.6821,1.6977,1,11.6821,1.6977,1,9.8550,1.6977,1,0.2500
Santa Cruz de Paniagua,25,315,157.5,22.38,8.52,19.45,9.7254,2.1769,15.7992,1.1634,9.7254,2.1769,0,9.7254,2.1769,0,8.0884,1.1634,1,0.2500
Fuente de Cantos,10,5039,2519.5,27.81,26.70,25.74,12.8678,2.8854,9.9300,1.5177,9.9300,1.5177,1,9.9300,1.5177,1,9.5030,1.5177,1,0.2500
Conquista de la Sierra,19,210,105.0,21.44,15.66,21.79,10.8946,2.3629,20.3521,1.2564,10.8946,2.3629,0,10.8946,2.3629,0,8.5795,1.2564,1,0.2500
Benquerencia,41,98,49.0,21.36,14.01,21.18,10.5924,2.3112,33.8064,1.2306,10.5924,2.3112,0,10.5924,2.3112,0,8.4621,1.2306,1,0.2500
Alcántara,44,1653,826.5,18.09,16.91,22.15,11.0745,2.3000,10.0497,1.2250,10.0497,1.2250,1,10.0497,1.2250,1,8.8358,1.2250,1,0.2500
Puebla de la Calzada,4,5903,2951.5,26.75,21.80,23.82,11.9105,2.7066,9.3788,1.4283,9.3788,1.4283,1,9.3788,1.4283,1,9.0282,1.4283,1,0.2500
Carmonita,41,581,290.5,20.97,14.01,21.04,10.5224,2.2995,12.5641,1.2248,10.5224,2.2995,0,10.5224,2.2995,0,8.4271,1.2248,1,0.2500
Higuera de la Serena,6,1043,521.5,21.66,9.98,19.62,9.8111,2.1991,10.3025,1.1746,9.8111,2.1991,0,9.8111,2.1991,0,8.0229,1.1746,1,0.2500
Cumbre. La,19,982,491.0,20.89,15.66,21.60,10.7996,2.3464,10.9456,1.2482,10.7996,2.3464,0,10.7996,2.3464,0,8.5320,1.2482,1,0.2500
Ruanes,41,68,34.0,20.72,14.01,20.95,10.4774,2.2920,45.0034,1.2210,10.4774,2.2920,0,10.4774,2.2920,0,8.4046,1.2210,1,0.2500
Corte de Peleas,4,1307,653.5,26.15,21.80,23.61,11.8055,2.6886,10.8155,1.4193,10.8155,1.4193,1,10.8155,1.4193,1,8.9757,1.4193,1,0.2500
Montijo,4,16236,8118.0,26.09,21.80,23.59,11.7955,2.6868,9.0517,1.4184,9.0517,1.4184,1,9.0517,1.4184,1,8.9707,1.4184,1,0.2500
Zarza-Capilla,7,403,201.5,12.88,5.46,17.86,8.9314,1.8003,13.6692,0.9752,8.9314,1.8003,0,8.9314,1.8003,0,7.8124,0.9752,1,0.2500
Torremocha,41,1038,519.0,20.32,14.01,20.81,10.4074,2.2800,10.6122,1.2150,10.4074,2.2800,0,10.4074,2.2800,0,8.3696,1.2150,1,0.2500
Torrecilla de los Ángeles,31,687,343.5,20.03,30.51,26.50,13.2487,2.7661,13.2634,1.4581,13.2487,2.7661,0,13.2487,2.7661,0,9.7935,1.4581,1,0.2500
Valdetorres,3,1331,665.5,28.46,15.82,21.33,10.6639,2.5785,10.2103,1.3642,10.2103,1.3642,1,10.2103,1.3642,1,8.3584,1.3642,1,0.2500
Maguilla,10,1084,542.0,26.08,26.70,25.14,12.5678,2.8335,11.5902,1.4917,11.5902,1.4917,1,11.5902,1.4917,1,9.3530,1.4917,1,0.2500
Mata de Alcántara,44,330,165.0,16.74,16.91,21.68,10.8395,2.2595,15.9955,1.2048,10.8395,2.2595,0,10.8395,2.2595,0,8.7183,1.2048,1,0.2500
Nogales,9,724,362.0,32.96,18.53,22.25,11.1236,2.7948,12.0148,1.4724,11.1236,2.7948,0,11.1236,2.7948,0,8.5915,1.4724,1,0.2500
Puebla de Alcocer,11,1272,636.0,21.42,33.44,27.40,13.7021,2.8958,11.8165,1.5229,11.8165,1.5229,1,11.8165,1.5229,1,9.9684,1.5229,1,0.2500
Valverde de la Vera,22,588,294.0,19.65,14.86,20.89,10.4447,2.2852,12.4740,1.2176,10.4447,2.2852,0,10.4447,2.2852,0,8.2721,1.2176,1,0.2500
Santa Marta,9,4322,2161.0,32.75,18.53,22.17,11.0836,2.7885,9.1202,1.4693,9.1202,1.4693,1,9.1202,1.4693,1,8.5715,1.4693,1,0.2500
Palomas,1,701,350.5,20.29,15.43,21.00,10.5001,2.3216,11.8164,1.2358,10.5001,2.3216,0,10.5001,2.3216,0,8.3296,1.2358,1,0.2500
Valdastillas,22,380,190.0,19.27,14.86,20.76,10.3797,2.2738,14.7688,1.2119,10.3797,2.2738,0,10.3797,2.2738,0,8.2396,1.2119,1,0.2500
Villar de Plasencia,22,229,114.5,19.26,14.86,20.75,10.3747,2.2735,19.1044,1.2117,10.3747,2.2735,0,10.3747,2.2735,0,8.2371,1.2117,1,0.2500
Almendral,13,1307,653.5,25.56,22.19,23.31,11.6537,2.6826,10.7396,1.4163,10.7396,1.4163,1,10.7396,1.4163,1,8.8942,1.4163,1,0.2500
Peraleda de la Mata,27,1453,726.5,20.26,9.83,18.94,9.4702,2.1527,9.4557,1.1513,9.4557,1.1513,1,9.4557,1.1513,1,7.7981,1.1513,1,0.2500
Garlitos,11,681,340.5,20.67,33.44,27.13,13.5671,2.8733,13.4546,1.5117,13.4546,1.5117,1,13.4546,1.5117,1,9.9009,1.5117,1,0.2500
Rebollar,22,237,118.5,18.79,14.86,20.59,10.2947,2.2594,18.6959,1.2047,10.2947,2.2594,0,10.2947,2.2594,0,8.1971,1.2047,1,0.2500
Bohonal de Ibor,27,535,267.5,19.95,9.83,18.83,9.4152,2.1434,12.3805,1.1467,9.4152,2.1434,0,9.4152,2.1434,0,7.7706,1.1467,1,0.2500
Arroyomolinos de la Vera,22,497,248.5,18.57,14.86,20.51,10.2547,2.2528,13.1575,1.2014,10.2547,2.2528,0,10.2547,2.2528,0,8.1771,1.2014,1,0.2500
Talaveruela de la Vera,22,365,182.5,18.52,14.86,20.49,10.2447,2.2513,14.9717,1.2006,10.2447,2.2513,0,10.2447,2.2513,0,8.1721,1.2006,1,0.2500
Zarza de Montánchez,41,619,309.5,18.56,14.01,20.20,10.1024,2.2272,12.0900,1.1886,10.1024,2.2272,0,10.1024,2.2272,0,8.2171,1.1886,1,0.2500
Torrecillas de la Tiesa,19,1179,589.5,18.49,15.66,20.76,10.3796,2.2744,10.3103,1.2122,10.3103,1.2122,1,10.3103,1.2122,1,8.3220,1.2122,1,0.2500
Puebla del Maestre,10,777,388.5,24.45,26.70,24.57,12.2828,2.7846,12.3589,1.4673,12.2828,2.7846,0,12.2828,2.7846,0,9.2105,1.4673,1,0.2500
Berzocana,45,528,264.0,18.53,26.24,24.36,12.1811,2.5930,13.8254,1.3715,12.1811,2.5930,0,12.1811,2.5930,0,9.2409,1.3715,1,0.2500
Villanueva de la Sierra,25,514,257.0,18.67,8.52,18.16,9.0804,2.0656,12.4040,1.1078,9.0804,2.0656,0,9.0804,2.0656,0,7.7659,1.1078,1,0.2500
Gata,31,1662,831.0,18.15,30.51,25.84,12.9187,2.7097,10.9636,1.4299,10.9636,1.4299,1,10.9636,1.4299,1,9.6285,1.4299,1,0.2500
Calzadilla,20,485,242.5,18.00,6.65,17.36,8.6785,1.9895,12.4939,1.0697,8.6785,1.9895,0,8.6785,1.9895,0,7.4464,1.0697,1,0.2500
Herguijuela,19,366,183.0,17.73,15.66,20.49,10.2446,2.2516,14.9529,1.2008,10.2446,2.2516,0,10.2446,2.2516,0,8.2545,1.2008,1,0.2500
Viandar de la Vera,22,266,133.0,17.64,14.86,20.18,10.0897,2.2249,17.4433,1.1874,10.0897,2.2249,0,10.0897,2.2249,0,8.0946,1.1874,1,0.2500
Valencia de las Torres,10,687,343.5,23.71,26.70,24.31,12.1528,2.7624,12.7154,1.4562,12.1528,2.7624,0,12.1528,2.7624,0,9.1455,1.4562,1,0.2500
Fuentes de León,8,2571,1285.5,17.39,12.07,19.14,9.5724,2.1338,8.7586,1.1419,8.7586,1.1419,1,8.7586,1.1419,1,7.9697,1.1419,1,0.2500
Roca de la Sierra. La,18,1526,763.0,34.59,12.70,19.35,9.6731,2.6688,9.4748,1.4094,9.4748,1.4094,1,9.4748,1.4094,1,7.8517,1.4094,1,0.2500
Navas del Madro¤o,44,1444,722.0,14.25,16.91,20.81,10.4045,2.1848,9.9336,1.1674,9.9336,1.1674,1,9.9336,1.1674,1,8.5008,1.1674,1,0.2500
Casas del Castañar,29,639,319.5,27.26,9.76,18.27,9.1336,2.3607,11.4791,1.2553,9.1336,2.3607,0,9.1336,2.3607,0,7.6111,1.2553,1,0.2500
Orellana la Vieja,3,3015,1507.5,25.73,15.82,20.38,10.1889,2.4966,8.9237,1.3233,8.9237,1.3233,1,8.9237,1.3233,1,8.1209,1.3233,1,0.2500
Casillas de Coria,20,470,235.0,17.45,6.65,17.17,8.5835,1.9730,12.6109,1.0615,8.5835,1.9730,0,8.5835,1.9730,0,7.3989,1.0615,1,0.2500
Aliseda,46,1982,991.0,32.41,12.67,19.27,9.6329,2.6025,9.0778,1.3763,9.0778,1.3763,1,9.0778,1.3763,1,7.8381,1.3763,1,0.2500
Valdemorales,41,230,115.0,17.21,14.01,19.72,9.8624,2.1867,18.8008,1.1684,9.8624,2.1867,0,9.8624,2.1867,0,8.0971,1.1684,1,0.2500
Caminomorisco,21,1258,629.0,15.53,21.42,22.32,11.1593,2.3586,10.5670,1.2543,10.5670,1.2543,1,10.5670,1.2543,1,8.8618,1.2543,1,0.2500
Tejeda de Tiétar,22,887,443.5,17.04,14.86,19.97,9.9847,2.2069,10.8108,1.1784,9.9847,2.2069,0,9.9847,2.2069,0,8.0421,1.1784,1,0.2500
Salvatierra de Santiago,41,302,151.0,16.92,14.01,19.62,9.8124,2.1780,16.1844,1.1640,9.8124,2.1780,0,9.8124,2.1780,0,8.0721,1.1640,1,0.2500
Albuera. La,4,1986,993.0,22.47,21.80,22.32,11.1605,2.5782,9.8390,1.3641,9.8390,1.3641,1,9.8390,1.3641,1,8.6532,1.3641,1,0.2500
Táliga,13,801,400.5,23.14,22.19,22.46,11.2287,2.6100,11.7354,1.3800,11.2287,2.6100,0,11.2287,2.6100,0,8.6817,1.3800,1,0.2500
Zarza. La,14,3563,1781.5,30.39,30.94,25.50,12.7501,3.0900,10.0767,1.6200,10.0767,1.6200,1,10.0767,1.6200,1,9.4025,1.6200,1,0.2500
Villasbuenas de Gata,31,456,228.0,16.53,30.51,25.28,12.6387,2.6611,14.8018,1.4056,12.6387,2.6611,0,12.6387,2.6611,0,9.4885,1.4056,1,0.2500
Puerto de Santa Cruz,19,393,196.5,16.29,15.66,19.99,9.9946,2.2084,14.3586,1.1792,9.9946,2.2084,0,9.9946,2.2084,0,8.1295,1.1792,1,0.2500
Alconchel,13,1951,975.5,22.27,22.19,22.16,11.0787,2.5839,9.8207,1.3669,9.8207,1.3669,1,9.8207,1.3669,1,8.6067,1.3669,1,0.2500
Holguera,29,758,379.0,25.91,9.76,17.80,8.8986,2.3202,10.7474,1.2351,8.8986,2.3202,0,8.8986,2.3202,0,7.4936,1.2351,1,0.2500
Aldea del Obispo. La,19,350,175.0,15.87,15.66,19.84,9.9196,2.1958,15.1027,1.1729,9.9196,2.1958,0,9.9196,2.1958,0,8.0920,1.1729,1,0.2500
Hornachos,1,3867,1933.5,16.65,15.43,19.73,9.8651,2.2124,8.5791,1.1812,8.5791,1.1812,1,8.5791,1.1812,1,8.0121,1.1812,1,0.2500
Zalamea de la Serena,6,3978,1989.0,16.48,9.98,17.81,8.9061,2.0437,8.0815,1.0969,8.0815,1.0969,1,8.0815,1.0969,1,7.5704,1.0969,1,0.2500
Madroñera,19,2916,1458.0,15.58,15.66,19.74,9.8696,2.1871,8.7922,1.1685,8.7922,1.1685,1,8.7922,1.1685,1,8.0670,1.1685,1,0.2500
Ibahernando,19,488,244.0,15.49,15.66,19.71,9.8546,2.1844,13.0503,1.1672,9.8546,2.1844,0,9.8546,2.1844,0,8.0595,1.1672,1,0.2500
Baterno,11,352,176.0,17.14,33.44,25.90,12.9521,2.7674,16.5783,1.4587,12.9521,2.7674,0,12.9521,2.7674,0,9.5934,1.4587,1,0.2500
Casares de las Hurdes,21,528,264.0,13.69,21.42,21.67,10.8343,2.3034,13.1520,1.2267,10.8343,2.3034,0,10.8343,2.3034,0,8.6993,1.2267,1,0.2500
Portezuelo,20,268,134.0,15.40,6.65,16.45,8.2235,1.9115,16.4401,1.0307,8.2235,1.9115,0,8.2235,1.9115,0,7.2189,1.0307,1,0.2500
Gargüera,29,132,66.0,25.14,9.76,17.53,8.7636,2.2971,26.3212,1.2235,8.7636,2.2971,0,8.7636,2.2971,0,7.4261,1.2235,1,0.2500
Santa Cruz de la Sierra,19,270,135.0,15.08,15.66,19.57,9.7846,2.1721,17.1516,1.1610,9.7846,2.1721,0,9.7846,2.1721,0,8.0245,1.1610,1,0.2500
Talarrubias,11,3630,1815.0,16.77,33.44,25.77,12.8871,2.7563,10.1323,1.4532,10.1323,1.4532,1,10.1323,1.4532,1,9.5609,1.4532,1,0.2500
Aldea del Cano,46,721,360.5,29.62,12.67,18.30,9.1479,2.5188,11.0414,1.3344,9.1479,2.5188,0,9.1479,2.5188,0,7.5956,1.3344,1,0.2500
San Vicente de Alcántara,39,5808,2904.0,14.85,16.47,19.58,9.7881,2.1897,8.3245,1.1699,8.3245,1.1699,1,8.3245,1.1699,1,8.0365,1.1699,1,0.2500
Valverde de Mérida,14,1159,579.5,27.91,30.94,24.63,12.3151,3.0156,11.3146,1.5828,11.3146,1.5828,1,11.3146,1.5828,1,9.1850,1.5828,1,0.2500
Torre de Don Miguel,31,568,284.0,14.21,30.51,24.46,12.2287,2.5915,13.5158,1.3708,12.2287,2.5915,0,12.2287,2.5915,0,9.2835,1.3708,1,0.2500
Ahillones,10,1052,526.0,20.34,26.70,23.13,11.5628,2.6613,11.1578,1.4056,11.1578,1.4056,1,11.1578,1.4056,1,8.8505,1.4056,1,0.2500
Hernán-Pérez,31,518,259.0,14.15,30.51,24.44,12.2187,2.5897,13.9356,1.3699,12.2187,2.5897,0,12.2187,2.5897,0,9.2785,1.3699,1,0.2500
Solana de los Barros,14,2826,1413.0,27.64,30.94,24.53,12.2651,3.0075,10.0172,1.5788,10.0172,1.5788,1,10.0172,1.5788,1,9.1600,1.5788,1,0.2500
Cachorrilla,20,93,46.5,14.18,6.65,16.02,8.0085,1.8749,33.8860,1.0124,8.0085,1.8749,0,8.0085,1.8749,0,7.1114,1.0124,1,0.2500
Higuera de Llerena,10,353,176.5,19.99,26.70,23.01,11.5028,2.6508,15.8336,1.4004,11.5028,2.6508,0,11.5028,2.6508,0,8.8205,1.4004,1,0.2500
Jarilla,22,154,77.0,13.81,14.86,18.84,9.4197,2.1100,23.9436,1.1300,9.4197,2.1100,0,9.4197,2.1100,0,7.7596,1.1300,1,0.2500
Salvatierra de los Barros,9,1788,894.0,26.76,18.53,20.08,10.0386,2.6088,9.4175,1.3794,9.4175,1.3794,1,9.4175,1.3794,1,8.0490,1.3794,1,0.2500
Tamurejo,11,259,129.5,15.37,33.44,25.28,12.6421,2.7143,18.9736,1.4322,12.6421,2.7143,0,12.6421,2.7143,0,9.4384,1.4322,1,0.2500
Garganta la Olla,22,1062,531.0,13.37,14.86,18.69,9.3447,2.0968,10.0264,1.1234,9.3447,2.0968,0,9.3447,2.0968,0,7.7221,1.1234,1,0.2500
Garbayuela,11,547,273.5,15.11,33.44,25.19,12.5971,2.7065,13.8689,1.4283,12.5971,2.7065,0,12.5971,2.7065,0,9.4159,1.4283,1,0.2500
Guijo de Coria,25,231,115.5,13.85,8.52,16.47,8.2354,1.9210,17.9402,1.0355,8.2354,1.9210,0,8.2354,1.9210,0,7.3434,1.0355,1,0.2500
Pasarón de la Vera,22,677,338.5,13.18,14.86,18.62,9.3097,2.0911,11.3476,1.1205,9.3097,2.0911,0,9.3097,2.0911,0,7.7046,1.1205,1,0.2500
Lobón,4,2723,1361.5,18.80,21.80,21.04,10.5205,2.4681,9.1783,1.3090,9.1783,1.3090,1,9.1783,1.3090,1,8.3332,1.3090,1,0.2500
Casas de Miravete,27,145,72.5,14.21,9.83,16.82,8.4102,1.9712,24.4465,1.0606,8.4102,1.9712,0,8.4102,1.9712,0,7.2681,1.0606,1,0.2500
Tornavacas,22,1181,590.5,12.69,14.86,18.45,9.2247,2.0764,9.7292,1.1132,9.2247,2.0764,0,9.2247,2.0764,0,7.6621,1.1132,1,0.2500
Santa Amalia,3,4326,2163.0,21.17,15.82,18.78,9.3889,2.3598,8.2724,1.2549,8.2724,1.2549,1,8.2724,1.2549,1,7.7209,1.2549,1,0.2500
Valencia del Ventoso,5,2249,1124.5,17.51,32.00,24.42,12.2101,2.7353,10.2166,1.4427,10.2166,1.4427,1,10.2166,1.4427,1,9.1842,1.4427,1,0.2500
Serrejón,27,444,222.0,13.65,9.83,16.63,8.3152,1.9544,12.7883,1.0522,8.3152,1.9544,0,8.3152,1.9544,0,7.2206,1.0522,1,0.2500
Higuera,27,100,50.0,13.55,9.83,16.59,8.2952,1.9514,32.1476,1.0507,8.2952,1.9514,0,8.2952,1.9514,0,7.2106,1.0507,1,0.2500
Villa del Campo,25,555,277.5,12.90,8.52,16.14,8.0704,1.8925,11.5397,1.0212,8.0704,1.8925,0,8.0704,1.8925,0,7.2609,1.0212,1,0.2500
Zarza de Granadilla,22,1864,932.0,12.17,14.86,18.27,9.1347,2.0608,8.9086,1.1054,8.9086,1.1054,1,8.9086,1.1054,1,7.6171,1.1054,1,0.2500
Pescueza,20,157,78.5,12.31,6.65,15.37,7.6835,1.8188,22.7653,0.9844,7.6835,1.8188,0,7.6835,1.8188,0,6.9489,0.9844,1,0.2500
Villa del Rey,44,157,78.5,8.93,16.91,18.94,9.4695,2.0252,23.6583,1.0876,9.4695,2.0252,0,9.4695,2.0252,0,8.0333,1.0876,1,0.2500
Esparragosa de la Serena,6,1088,544.0,12.64,9.98,16.46,8.2311,1.9285,9.4133,1.0393,8.2311,1.9285,0,8.2311,1.9285,0,7.2329,1.0393,1,0.2500
Puebla de Sancho P‚rez,5,2899,1449.5,16.65,32.00,24.12,12.0601,2.7095,9.8924,1.4298,9.8924,1.4298,1,9.8924,1.4298,1,9.1092,1.4298,1,0.2500
Santibáñez el Alto,31,436,218.0,11.65,30.51,23.57,11.7837,2.5147,14.6258,1.3324,11.7837,2.5147,0,11.7837,2.5147,0,9.0610,1.3324,1,0.2500
Cañamero,45,1787,893.5,11.88,26.24,22.03,11.0161,2.3935,9.9071,1.2717,9.9071,1.2717,1,9.9071,1.2717,1,8.6584,1.2717,1,0.2500
Segura de León,8,2140,1070.0,11.36,12.07,17.04,8.5224,1.9529,8.4294,1.0515,8.4294,1.0515,1,8.4294,1.0515,1,7.4447,1.0515,1,0.2500
Riolobos,29,1257,628.5,21.35,9.76,16.20,8.0986,2.1834,9.0381,1.1667,8.0986,2.1834,0,8.0986,2.1834,0,7.0936,1.1667,1,0.2500
Cuacos de Yuste,22,915,457.5,11.32,14.86,17.97,8.9847,2.0353,10.2246,1.0926,8.9847,2.0353,0,8.9847,2.0353,0,7.5421,1.0926,1,0.2500
Alange,14,2005,1002.5,24.97,30.94,23.60,11.8001,2.9274,10.1469,1.5387,10.1469,1.5387,1,10.1469,1.5387,1,8.9275,1.5387,1,0.2500
Pozuelo de Zarzón,25,564,282.0,11.77,8.52,15.74,7.8704,1.8586,11.3678,1.0043,7.8704,1.8586,0,7.8704,1.8586,0,7.1609,1.0043,1,0.2500
Villar de Rena,3,1457,728.5,19.68,15.82,18.26,9.1289,2.3151,9.2803,1.2325,9.1289,2.3151,0,9.1289,2.3151,0,7.5909,1.2325,1,0.2500
Malpartida de la Serena,6,662,331.0,11.89,9.98,16.20,8.1011,1.9060,10.8270,1.0280,8.1011,1.9060,0,8.1011,1.9060,0,7.1679,1.0280,1,0.2500
Valdefuentes,41,1415,707.5,11.13,14.01,17.60,8.8024,2.0043,9.1680,1.0772,8.8024,2.0043,0,8.8024,2.0043,0,7.5671,1.0772,1,0.2500
Trujillo,19,9822,4911.0,10.96,15.66,18.13,9.0646,2.0485,7.7869,1.0992,7.7869,1.0992,1,7.7869,1.0992,1,7.6645,1.0992,1,0.2500
Casas de Don Gómez,20,347,173.5,11.16,6.65,14.96,7.4785,1.7843,13.9439,0.9671,7.4785,1.7843,0,7.4785,1.7843,0,6.8464,0.9671,1,0.2500
Aceituna,25,617,308.5,11.26,8.52,15.56,7.7804,1.8433,10.9421,0.9966,7.7804,1.8433,0,7.7804,1.8433,0,7.1159,0.9966,1,0.2500
Fuente del Arco,10,750,375.0,16.86,26.70,21.91,10.9528,2.5569,11.8097,1.3534,10.9528,2.5569,0,10.9528,2.5569,0,8.5455,1.3534,1,0.2500
Villar del Rey,18,2386,1193.0,27.72,12.70,16.95,8.4731,2.4627,8.2843,1.3063,8.2843,1.3063,1,8.2843,1.3063,1,7.2517,1.3063,1,0.2500
Belvís de Monroy,27,670,335.0,11.49,9.83,15.87,7.9352,1.8896,10.6990,1.0198,7.9352,1.8896,0,7.9352,1.8896,0,7.0306,1.0198,1,0.2500
Aljucén,14,252,126.0,23.94,30.94,23.24,11.6201,2.8965,18.7307,1.5233,11.6201,2.8965,0,11.6201,2.8965,0,8.8375,1.5233,1,0.2500
Morera. La,9,752,376.0,23.30,18.53,18.86,9.4286,2.5050,11.0388,1.3275,9.4286,2.5050,0,9.4286,2.5050,0,7.7440,1.3275,1,0.2500
Romangordo,27,224,112.0,11.16,9.83,15.76,7.8802,1.8797,18.1008,1.0148,7.8802,1.8797,0,7.8802,1.8797,0,7.0031,1.0148,1,0.2500
Risco,11,166,83.0,11.73,33.44,24.01,12.0071,2.6051,24.0638,1.3776,12.0071,2.6051,0,12.0071,2.6051,0,9.1209,1.3776,1,0.2500
San Pedro de Mérida,14,880,440.0,23.26,30.94,23.00,11.5001,2.8761,11.5910,1.5131,11.5001,2.8761,0,11.5001,2.8761,0,8.7775,1.5131,1,0.2500
Casas del Monte,22,766,383.0,9.58,14.86,17.36,8.6797,1.9831,10.6036,1.0665,8.6797,1.9831,0,8.6797,1.9831,0,7.3896,1.0665,1,0.2500
Hinojosa del Valle,1,558,279.0,10.36,15.43,17.53,8.7651,2.0237,11.8629,1.0868,8.7651,2.0237,0,8.7651,2.0237,0,7.4621,1.0868,1,0.2500
Torremayor,14,1004,502.0,23.12,30.94,22.95,11.4751,2.8719,11.2276,1.5110,11.2276,1.5110,1,11.2276,1.5110,1,8.7650,1.5110,1,0.2500
Huélaga,20,196,98.0,9.55,6.65,14.40,7.1985,1.7360,19.3544,0.9430,7.1985,1.7360,0,7.1985,1.7360,0,6.7064,0.9430,1,0.2500
Alcuéscar,41,3010,1505.0,9.23,14.01,16.93,8.4674,1.9473,8.0643,1.0487,8.0643,1.0487,1,8.0643,1.0487,1,7.3996,1.0487,1,0.2500
Toril,27,179,89.5,10.27,9.83,15.44,7.7202,1.8530,20.8266,1.0015,7.7202,1.8530,0,7.7202,1.8530,0,6.9231,1.0015,1,0.2500
Torreorgaz,46,1764,882.0,24.30,12.67,16.44,8.2179,2.3592,8.5262,1.2546,8.2179,2.3592,0,8.2179,2.3592,0,7.1306,1.2546,1,0.2500
Cabeza del Buey,7,5411,2705.5,1.54,5.46,13.89,6.9464,1.4601,6.9352,0.8051,6.9352,0.8051,1,6.9352,0.8051,1,6.8199,0.8051,1,0.2500
Valdeobispo,29,761,380.5,19.06,9.76,15.40,7.6986,2.1147,10.1344,1.1323,7.6986,2.1147,0,7.6986,2.1147,0,6.8936,1.1323,1,0.2500
Robledillo de Gata,31,124,62.0,9.03,30.51,22.65,11.3237,2.4361,28.8231,1.2931,11.3237,2.4361,0,11.3237,2.4361,0,8.8310,1.2931,1,0.2500
Benquerencia de la Serena,6,948,474.0,9.68,9.98,15.43,7.7161,1.8397,9.4952,0.9949,7.7161,1.8397,0,7.7161,1.8397,0,6.9754,0.9949,1,0.2500
Villafranca de los Barros,1,13356,6678.0,9.80,15.43,17.33,8.6651,2.0069,7.5198,1.0784,7.5198,1.0784,1,7.5198,1.0784,1,7.4121,1.0784,1,0.2500
Valdehúncar,27,212,106.0,9.92,9.83,15.32,7.6602,1.8425,18.6226,0.9962,7.6602,1.8425,0,7.6602,1.8425,0,6.8931,0.9962,1,0.2500
Villanueva de la Serena,3,25838,12919.0,17.14,15.82,17.37,8.6839,2.2389,7.4387,1.1944,7.4387,1.1944,1,7.4387,1.1944,1,7.3684,1.1944,1,0.2500
Navaconcejo,22,2074,1037.0,8.54,14.86,17.00,8.4997,1.9519,8.4552,1.0509,8.4552,1.0509,1,8.4552,1.0509,1,7.2996,1.0509,1,0.2500
Medell¡n,3,2337,1168.5,17.05,15.82,17.34,8.6689,2.2362,8.4042,1.1931,8.4042,1.1931,1,8.4042,1.1931,1,7.3609,1.1931,1,0.2500
Arroyomolinos,41,999,499.5,8.47,14.01,16.66,8.3324,1.9245,9.6687,1.0373,8.3324,1.9245,0,8.3324,1.9245,0,7.3321,1.0373,1,0.2500
Aldehuela de Jerte,29,338,169.0,18.43,9.76,15.18,7.5886,2.0958,14.1907,1.1229,7.5886,2.0958,0,7.5886,2.0958,0,6.8386,1.1229,1,0.2500
Almendralejo,9,33588,16794.0,21.51,18.53,18.24,9.1186,2.4513,7.6337,1.3007,7.6337,1.3007,1,7.6337,1.3007,1,7.5890,1.3007,1,0.2500
Rena,3,669,334.5,16.86,15.82,17.27,8.6339,2.2305,11.0539,1.1902,8.6339,2.2305,0,8.6339,2.2305,0,7.3434,1.1902,1,0.2500
Aldeanueva de la Vera,22,2275,1137.5,8.31,14.86,16.92,8.4597,1.9450,8.3287,1.0475,8.3287,1.0475,1,8.3287,1.0475,1,7.2796,1.0475,1,0.2500
Valdelacalzada,18,2804,1402.0,25.48,12.70,16.17,8.0831,2.3955,7.9331,1.2727,7.9331,1.2727,1,7.9331,1.2727,1,7.0567,1.2727,1,0.2500
Guijo de Santa Bárbara,22,410,205.0,8.14,14.86,16.86,8.4297,1.9399,13.3124,1.0449,8.4297,1.9399,0,8.4297,1.9399,0,7.2646,1.0449,1,0.2500
Guijo de Galisteo,25,1611,805.5,8.51,8.52,14.60,7.3004,1.7608,8.2020,0.9554,7.3004,1.7608,0,7.3004,1.7608,0,6.8759,0.9554,1,0.2500
Collado,22,201,100.5,7.98,14.86,16.80,8.3997,1.9351,19.6377,1.0425,8.3997,1.9351,0,8.3997,1.9351,0,7.2496,1.0425,1,0.2500
Torre de Santa María,41,632,316.0,7.86,14.01,16.45,8.2274,1.9062,11.0694,1.0281,8.2274,1.9062,0,8.2274,1.9062,0,7.2796,1.0281,1,0.2500
Granja. La,22,361,180.5,7.78,14.86,16.73,8.3647,1.9291,14.1076,1.0395,8.3647,1.9291,0,8.3647,1.9291,0,7.2321,1.0395,1,0.2500
Lapa. La,9,296,148.0,20.77,18.53,17.98,8.9886,2.4291,15.9402,1.2896,8.9886,2.4291,0,8.9886,2.4291,0,7.5240,1.2896,1,0.2500
Burguillos del Cerro,5,3286,1643.0,12.56,32.00,22.69,11.3451,2.5868,9.4333,1.3684,9.4333,1.3684,1,9.4333,1.3684,1,8.7517,1.3684,1,0.2500
Majadas,27,1297,648.5,8.77,9.83,14.92,7.4602,1.8080,8.6576,0.9790,7.4602,1.8080,0,7.4602,1.8080,0,6.7931,0.9790,1,0.2500
Arroyo de la Luz,46,6517,3258.5,22.81,12.67,15.91,7.9529,2.3145,7.3601,1.2323,7.3601,1.2323,1,7.3601,1.2323,1,6.9981,1.2323,1,0.2500
Nuñomoral,21,1435,717.5,5.95,21.42,18.96,9.4793,2.0712,9.4818,1.1106,9.4793,2.0712,0,9.4793,2.0712,0,8.0218,1.1106,1,0.2500
Medina de las Torres,5,1338,669.0,12.47,32.00,22.65,11.3251,2.5841,10.5310,1.3671,10.5310,1.3671,1,10.5310,1.3671,1,8.7417,1.3671,1,0.2500
Coria,20,12896,6448.0,7.63,6.65,13.73,6.8635,1.6784,6.6256,0.9142,6.6256,0.9142,1,6.6256,0.9142,1,6.5389,0.9142,1,0.2500
Robledillo de la Vera,22,305,152.5,7.37,14.86,16.59,8.2947,1.9168,15.3441,1.0334,8.2947,1.9168,0,8.2947,1.9168,0,7.1971,1.0334,1,0.2500
Bodonal de la Sierra,8,1139,569.5,7.26,12.07,15.60,7.8024,1.8299,9.0961,0.9900,7.8024,1.8299,0,7.8024,1.8299,0,7.0847,0.9900,1,0.2500
Torremenga,22,621,310.5,7.07,14.86,16.48,8.2397,1.9078,11.1456,1.0289,8.2397,1.9078,0,8.2397,1.9078,0,7.1696,1.0289,1,0.2500
Aceuchal,9,5679,2839.5,20.00,18.53,17.71,8.8536,2.4060,7.8670,1.2780,7.8670,1.2780,1,7.8670,1.2780,1,7.4565,1.2780,1,0.2500
Losar de la Vera,22,2966,1483.0,6.82,14.86,16.40,8.1997,1.9003,7.9427,1.0251,7.9427,1.0251,1,7.9427,1.0251,1,7.1496,1.0251,1,0.2500
Sierra de Fuentes,46,2085,1042.5,21.86,12.67,15.58,7.7879,2.2860,8.0930,1.2180,7.7879,2.2860,0,7.7879,2.2860,0,6.9156,1.2180,1,0.2500
Morcillo,25,418,209.0,7.00,8.52,14.07,7.0354,1.7155,12.4986,0.9327,7.0354,1.7155,0,7.0354,1.7155,0,6.7434,0.9327,1,0.2500
Segura de Toro,22,186,93.0,6.42,14.86,16.26,8.1297,1.8883,20.5057,1.0191,8.1297,1.8883,0,8.1297,1.8883,0,7.1146,1.0191,1,0.2500
Sancti-Spíritus,11,237,118.5,8.12,33.44,22.74,11.3721,2.4968,19.2346,1.3234,11.3721,2.4968,0,11.3721,2.4968,0,8.8034,1.3234,1,0.2500
Carrascalejo. El,14,85,42.5,19.98,30.94,21.85,10.9251,2.7777,37.8743,1.4639,10.9251,2.7777,0,10.9251,2.7777,0,8.4900,1.4639,1,0.2500
Parra. La,9,1390,695.0,19.45,18.53,17.52,8.7586,2.3895,9.1779,1.2698,8.7586,2.3895,0,8.7586,2.3895,0,7.4090,1.2698,1,0.2500
Navalmoral de la Mata,27,17228,8614.0,7.24,9.83,14.39,7.1952,1.7621,6.7427,0.9560,6.7427,0.9560,1,6.7427,0.9560,1,6.6606,0.9560,1,0.2500
Descargamaría,31,190,95.0,6.08,30.51,21.62,10.8087,2.3476,21.5622,1.2488,10.8087,2.3476,0,10.8087,2.3476,0,8.5735,1.2488,1,0.2500
Brozas,44,2123,1061.5,2.95,16.91,16.85,8.4245,1.8458,8.3898,0.9979,8.3898,0.9979,1,8.3898,0.9979,1,7.5108,0.9979,1,0.2500
Galisteo,29,1968,984.0,16.07,9.76,14.35,7.1736,2.0250,7.8571,1.0875,7.1736,2.0250,0,7.1736,2.0250,0,6.6311,1.0875,1,0.2500
Jerte,22,1332,666.0,5.61,14.86,15.97,7.9847,1.8640,8.8692,1.0070,7.9847,1.8640,0,7.9847,1.8640,0,7.0421,1.0070,1,0.2500
Oliva de Plasencia,29,286,143.0,15.53,9.76,14.17,7.0836,2.0088,15.2830,1.0794,7.0836,2.0088,0,7.0836,2.0088,0,6.5861,1.0794,1,0.2500
Cabezuela del Valle,22,2129,1064.5,5.51,14.86,15.94,7.9697,1.8610,8.1591,1.0055,7.9697,1.8610,0,7.9697,1.8610,0,7.0346,1.0055,1,0.2500
Abadía,22,325,162.5,5.14,14.86,15.81,7.9047,1.8499,14.6447,0.9999,7.9047,1.8499,0,7.9047,1.8499,0,7.0021,0.9999,1,0.2500
Reina,10,201,100.5,11.18,26.70,19.92,9.9578,2.3865,20.4167,1.2682,9.9578,2.3865,0,9.9578,2.3865,0,8.0480,1.2682,1,0.2500
Millanes,27,257,128.5,6.17,9.83,14.01,7.0052,1.7300,16.2302,0.9400,7.0052,1.7300,0,7.0052,1.7300,0,6.5656,0.9400,1,0.2500
Mirandilla,14,1377,688.5,18.47,30.94,21.32,10.6601,2.7324,10.1456,1.4412,10.1456,1.4412,1,10.1456,1.4412,1,8.3575,1.4412,1,0.2500
Jara¡z de la Vera,22,6467,3233.5,4.75,14.86,15.67,7.8347,1.8382,7.3039,0.9941,7.3039,0.9941,1,7.3039,0.9941,1,6.9671,0.9941,1,0.2500
Gargantilla,22,440,220.0,4.72,14.86,15.66,7.8297,1.8373,12.5967,0.9936,7.8297,1.8373,0,7.8297,1.8373,0,6.9646,0.9936,1,0.2500
Campanario,3,5367,2683.5,13.19,15.82,15.99,7.9939,2.1204,7.4628,1.1352,7.4628,1.1352,1,7.4628,1.1352,1,7.0234,1.1352,1,0.2500
Saucedilla,27,804,402.0,5.79,9.83,13.88,6.9402,1.7186,9.5796,0.9343,6.9402,1.7186,0,6.9402,1.7186,0,6.5331,0.9343,1,0.2500
Valverde de Burguillos,5,322,161.0,9.34,32.00,21.56,10.7801,2.4902,16.1540,1.3201,10.7801,2.4902,0,10.7801,2.4902,0,8.4692,1.3201,1,0.2500
Portaje,20,415,207.5,4.62,6.65,12.68,6.3385,1.5881,12.1934,0.8690,6.3385,1.5881,0,6.3385,1.5881,0,6.2764,0.8690,1,0.2500
Valverde de Leganés,13,4155,2077.5,10.71,22.19,18.11,9.0537,2.2371,8.1285,1.1935,8.1285,1.1935,1,8.1285,1.1935,1,7.5942,1.1935,1,0.2500
Garrovilla. La,14,2506,1253.0,17.95,30.94,21.14,10.5701,2.7168,9.2827,1.4334,9.2827,1.4334,1,9.2827,1.4334,1,8.3125,1.4334,1,0.2500
Carcaboso,29,1108,554.0,14.24,9.76,13.71,6.8536,1.9701,8.6831,1.0600,6.8536,1.9701,0,6.8536,1.9701,0,6.4711,1.0600,1,0.2500
Magacela,3,607,303.5,12.50,15.82,15.75,7.8739,2.0997,11.0556,1.1248,7.8739,2.0997,0,7.8739,2.0997,0,6.9634,1.1248,1,0.2500
Cadalso,31,506,253.0,3.91,30.51,20.86,10.4287,2.2825,13.1551,1.2163,10.4287,2.2825,0,10.4287,2.2825,0,8.3835,1.2163,1,0.2500
Fregenal de la Sierra,8,5237,2618.5,3.43,12.07,14.26,7.1324,1.7150,7.0436,0.9325,7.0436,0.9325,1,7.0436,0.9325,1,6.7497,0.9325,1,0.2500
Montehermoso,25,5799,2899.5,3.91,8.52,12.99,6.4954,1.6228,6.6788,0.8864,6.4954,1.6228,0,6.4954,1.6228,0,6.4734,0.8864,1,0.2500
Jarandilla de la Vera,22,3129,1564.5,3.34,14.86,15.18,7.5897,1.7959,7.5938,0.9729,7.5897,1.7959,0,7.5897,1.7959,0,6.8446,0.9729,1,0.2500
Albalá,41,798,399.0,3.35,14.01,14.87,7.4374,1.7709,9.8515,0.9605,7.4374,1.7709,0,7.4374,1.7709,0,6.8846,0.9605,1,0.2500
Haba. La,3,1367,683.5,11.65,15.82,15.45,7.7239,2.0742,8.6908,1.1121,7.7239,2.0742,0,7.7239,2.0742,0,6.8884,1.1121,1,0.2500
Mengabril,3,487,243.5,11.64,15.82,15.44,7.7189,2.0739,11.9929,1.1119,7.7189,2.0739,0,7.7189,2.0739,0,6.8859,1.1119,1,0.2500
Puebla del Prior,1,545,272.5,4.00,15.43,15.30,7.6501,1.8329,11.4122,0.9914,7.6501,1.8329,0,7.6501,1.8329,0,6.9046,0.9914,1,0.2500
Trujillanos,14,1439,719.5,16.62,30.94,20.68,10.3401,2.6769,9.9074,1.4135,9.9074,1.4135,1,9.9074,1.4135,1,8.1975,1.4135,1,0.2500
Talayuela,27,9222,4611.0,4.02,9.83,13.26,6.6302,1.6655,6.5862,0.9077,6.5862,0.9077,1,6.5862,0.9077,1,6.3781,0.9077,1,0.2500
Moraleja,20,7998,3999.0,3.09,6.65,12.14,6.0685,1.5422,6.3468,0.8461,6.0685,1.5422,0,6.0685,1.5422,0,6.0685,1.5422,0,0.2500
Montánchez,41,2040,1020.0,2.71,14.01,14.65,7.3274,1.7517,7.8892,0.9509,7.3274,1.7517,0,7.3274,1.7517,0,6.8296,0.9509,1,0.2500
Alconera,5,737,368.5,7.44,32.00,20.89,10.4451,2.4332,11.6147,1.2916,10.4451,2.4332,0,10.4451,2.4332,0,8.3017,1.2916,1,0.2500
Torremej¡a,14,2228,1114.0,16.07,30.94,20.48,10.2401,2.6604,9.2421,1.4052,9.2421,1.4052,1,9.2421,1.4052,1,8.1475,1.4052,1,0.2500
Casas de Reina,10,196,98.0,8.34,26.70,18.93,9.4628,2.3013,20.4865,1.2256,9.4628,2.3013,0,9.4628,2.3013,0,7.8005,1.2256,1,0.2500
Castuera,6,6594,3297.0,2.88,9.98,13.05,6.5261,1.6357,6.6422,0.8929,6.5261,1.6357,0,6.5261,1.6357,0,6.3804,0.8929,1,0.2500
Casatejada,27,1399,699.5,3.23,9.83,12.98,6.4902,1.6418,8.0321,0.8959,6.4902,1.6418,0,6.4902,1.6418,0,6.3081,0.8959,1,0.2500
Valencia de Alcántara,39,6178,3089.0,2.59,16.47,15.29,7.6431,1.8219,7.2262,0.9860,7.2262,0.9860,1,7.2262,0.9860,1,6.9640,0.9860,1,0.2500
Siruela,11,2192,1096.0,3.69,33.44,21.19,10.5971,2.3639,9.4391,1.2570,9.4391,1.2570,1,9.4391,1.2570,1,8.4159,1.2570,1,0.2500
Quintana de la Serena,6,5069,2534.5,2.57,9.98,12.94,6.4711,1.6264,6.7287,0.8882,6.4711,1.6264,0,6.4711,1.6264,0,6.3529,0.8882,1,0.2500
Villalba de los Barros,9,1654,827.0,14.89,18.53,15.92,7.9586,2.2527,8.4908,1.2014,7.9586,2.2527,0,7.9586,2.2527,0,7.0090,1.2014,1,0.2500
Feria,9,1341,670.5,14.72,18.53,15.86,7.9286,2.2476,8.8286,1.1988,7.9286,2.2476,0,7.9286,2.2476,0,6.9940,1.1988,1,0.2500
Malpartida de Plasencia,29,4627,2313.5,11.51,9.76,12.76,6.3786,1.8882,6.7296,1.0191,6.3786,1.8882,0,6.3786,1.8882,0,6.2336,1.0191,1,0.2500
Logrosán,45,2090,1045.0,1.63,26.24,18.44,9.2211,2.0860,8.8067,1.1180,8.8067,1.1180,1,8.8067,1.1180,1,7.7609,1.1180,1,0.2500
Aldeanueva del Camino,22,800,400.0,0.82,14.86,14.30,7.1497,1.7203,9.6998,0.9351,7.1497,1.7203,0,7.1497,1.7203,0,6.6246,0.9351,1,0.2500
Santos de Maimona. Los,9,8193,4096.5,13.93,18.53,15.59,7.7936,2.2239,7.2019,1.1870,7.2019,1.1870,1,7.2019,1.1870,1,6.9265,1.1870,1,0.2500
Trasierra,10,691,345.5,6.91,26.70,18.43,9.2128,2.2584,11.2244,1.2042,9.2128,2.2584,0,9.2128,2.2584,0,7.6755,1.2042,1,0.2500
Zafra,9,16424,8212.0,13.79,18.53,15.54,7.7686,2.2197,7.0365,1.1849,7.0365,1.1849,1,7.0365,1.1849,1,6.9140,1.1849,1,0.2500
Pueblonuevo del Guadiana,18,2018,1009.0,17.64,12.70,13.42,6.7081,2.1603,7.5929,1.1551,6.7081,2.1603,0,6.7081,2.1603,0,6.3692,1.1551,1,0.2500
Almaraz,27,1321,660.5,1.21,9.83,12.27,6.1352,1.5812,7.9601,0.8656,6.1352,1.5812,0,6.1352,1.5812,0,6.1306,0.8656,1,0.2500
Esparragalejo,14,1580,790.0,13.50,30.94,19.58,9.7901,2.5833,9.4773,1.3667,9.4773,1.3667,1,9.4773,1.3667,1,7.9225,1.3667,1,0.2500
Ribera del Fresno,1,3466,1733.0,0.60,15.43,14.11,7.0551,1.7309,7.2489,0.9404,7.0551,1.7309,0,7.0551,1.7309,0,6.6071,0.9404,1,0.2500
Malpartida de Cáceres,46,4469,2234.5,14.92,12.67,13.15,6.5729,2.0778,6.8459,1.1139,6.5729,2.0778,0,6.5729,2.0778,0,6.3081,1.1139,1,0.2500
Don Benito,3,35791,17895.5,8.11,15.82,14.21,7.1039,1.9680,6.6218,1.0590,6.6218,1.0590,1,6.6218,1.0590,1,6.5784,1.0590,1,0.2500
Atalaya,5,338,169.0,4.33,32.00,19.81,9.9051,2.3399,15.3490,1.2450,9.9051,2.3399,0,9.9051,2.3399,0,8.0317,1.2450,1,0.2500
Talavera la Real,4,5509,2754.5,3.21,21.80,15.58,7.7905,2.0004,7.3490,1.0752,7.3490,1.0752,1,7.3490,1.0752,1,6.9682,1.0752,1,0.2500
Coronada. La,3,2239,1119.5,5.44,15.82,13.27,6.6339,1.8879,7.4335,1.0189,6.6339,1.8879,0,6.6339,1.8879,0,6.3434,1.0189,1,0.2500
Olivenza,13,11852,5926.0,3.17,22.19,15.47,7.7337,2.0109,7.0778,1.0804,7.0778,1.0804,1,7.0778,1.0804,1,6.9342,1.0804,1,0.2500
Arroyo de San Serván,14,4276,2138.0,10.35,30.94,18.48,9.2401,2.4888,8.2047,1.3194,8.2047,1.3194,1,8.2047,1.3194,1,7.6475,1.3194,1,0.2500
Llerena,10,5997,2998.5,2.72,26.70,16.96,8.4778,2.1327,7.6558,1.1413,7.6558,1.1413,1,7.6558,1.1413,1,7.3080,1.1413,1,0.2500
Cáceres,46,93131,46565.5,11.23,12.67,11.86,5.9279,1.9671,5.9908,1.0586,5.9279,1.9671,0,5.9279,1.9671,0,5.9279,1.9671,0,0.2500
Plasencia,29,41148,20574.0,5.72,9.76,10.73,5.3636,1.7145,5.7425,0.9322,5.3636,1.7145,0,5.3636,1.7145,0,5.3636,1.7145,0,0.2500
Badajoz,18,148334,74167.0,10.40,12.70,10.89,5.4431,1.9431,5.7384,1.0465,5.4431,1.9431,0,5.4431,1.9431,0,5.4431,1.9431,0,0.2500
Casar de Cáceres,46,4879,2439.5,5.99,12.67,10.03,5.0129,1.8099,6.0189,0.9800,5.0129,1.8099,0,5.0129,1.8099,0,5.0129,1.8099,0,0.2500
Fuente del Maestre,9,6962,3481.0,2.68,18.53,11.65,5.8236,1.8864,6.2709,1.0182,5.8236,1.8864,0,5.8236,1.8864,0,5.8236,1.8864,0,0.2500
Calamonte,14,6178,3089.0,2.78,30.94,15.83,7.9151,2.2617,7.3622,1.2059,7.3622,1.2059,1,7.3622,1.2059,1,6.9850,1.2059,1,0.2500
