v_op,F,EF1,p,Coste_regional_S0,Coste_S1,Coste_S2,CO2_S0_t,CO2_S1_t,CO2_S2_t,n_onsite_S1,n_onsite_S2,n_perdedores_S1,pct_mejorados_S2,rec_share_base,rec_share_onsite,EF5_NA,CAP_ANUAL_T,Coste_S2_cap,CO2_S2_cap_t,n_onsite_S2_cap,n_perdedores_S2_cap,Coste_S3,CO2_S3_t,n_onsite_S3,n_perdedores_S3
8,1250,30,0.1,10058521.01375,9972382.912375,9768756.210313082,1947.5499375,1769.33109375,1806.2256302668357,383,110,273,28.720626631853786,0.6,0.85,4.0,200000,9768756.210313082,1806.2256302668357,110,0,9533632.912375,1769.33109375,383,0
8,1250,30,0.2,10058521.01375,9407494.811,9289041.847453477,1947.5499375,1591.11225,1621.1231986545836,383,205,178,53.52480417754569,0.6,0.85,4.0,200000,9289041.847453477,1621.1231986545836,205,0,8968744.811,1591.11225,383,0
8,1250,30,0.3,10058521.01375,8842606.709624998,8762435.988993512,1947.5499375,1412.89340625,1437.0158618565868,383,251,132,65.53524804177546,0.6,0.85,4.0,200000,8762435.988993512,1437.0158618565868,251,0,8403856.709625,1412.89340625,383,0
8,1250,30,0.4,10058521.01375,8277718.60825,8219696.963800748,1947.5499375,1234.6745625,1255.7551170614927,383,280,103,73.1070496083551,0.6,0.85,4.0,200000,8248638.337108995,1293.7700744650567,251,0,7838968.60825,1234.6745625,383,0
8,1250,30,0.5,10058521.01375,7712830.506875,7670051.708971003,1947.5499375,1056.45571875,1074.6744701725145,383,298,85,77.80678851174935,0.6,0.85,4.0,200000,7891158.19547751,1277.2887745480723,295,0,7274080.506875,1056.45571875,383,0
8,1250,30,0.6,10058521.01375,7147942.4055,7115645.935185712,1947.5499375,878.236875,891.9909904273468,383,320,63,83.55091383812011,0.6,0.85,4.0,200000,7544191.784746114,1251.11532355681,232,0,6709192.4055,878.236875,383,0
8,1250,30,0.7,10058521.01375,6583054.304125,6557391.167222264,1947.5499375,700.0180312500001,711.7340543426227,383,331,52,86.42297650130548,0.6,0.85,4.0,200000,7291757.402547875,1231.0595869741037,220,0,6144304.304125001,700.0180312500001,383,0
8,1250,60,0.1,10058521.01375,9972382.912375,9768756.210313082,2517.087375,2281.9147875,2330.604060533671,383,110,273,28.720626631853786,0.6,0.85,4.0,200000,9768756.210313082,2330.604060533671,110,0,9533632.912375,2281.9147875,383,0
8,1250,60,0.2,10058521.01375,9407494.811,9289041.847453477,2517.087375,2046.7422,2085.615717309167,383,205,178,53.52480417754569,0.6,0.85,4.0,200000,9289041.847453477,2085.615717309167,205,0,8968744.811,2046.7422,383,0
8,1250,60,0.3,10058521.01375,8842606.709624998,8762435.988993512,2517.087375,1811.5696125,1842.6667337131735,383,251,132,65.53524804177546,0.6,0.85,4.0,200000,8762435.988993512,1842.6667337131735,251,0,8403856.709625,1811.5696125,383,0
8,1250,60,0.4,10058521.01375,8277718.60825,8219696.963800748,2517.087375,1576.397025,1603.2531741229852,383,280,103,73.1070496083551,0.6,0.85,4.0,200000,8248638.337108995,1649.4185289301133,251,0,7838968.60825,1576.397025,383,0
8,1250,60,0.5,10058521.01375,7712830.506875,7670051.708971003,2517.087375,1341.2244375,1364.568090345029,383,298,85,77.80678851174935,0.6,0.85,4.0,200000,7891158.19547751,1614.3595490961445,295,0,7274080.506875,1341.2244375,383,0
8,1250,60,0.6,10058521.01375,7147942.4055,7115645.935185712,2517.087375,1106.05185,1123.6495208546933,383,320,63,83.55091383812011,0.6,0.85,4.0,200000,7544191.784746114,1564.0843871136196,232,0,6709192.4055,1106.05185,383,0
8,1250,60,0.7,10058521.01375,6583054.304125,6557391.167222264,2517.087375,870.8792625000001,885.8282186852454,383,331,52,86.42297650130548,0.6,0.85,4.0,200000,7291757.402547875,1524.022303948207,220,0,6144304.304125001,870.8792625000001,383,0
8,1250,120,0.1,10058521.01375,9972382.912375,9768756.210313082,3656.16225,3307.0821750000005,3379.3609210673426,383,110,273,28.720626631853786,0.6,0.85,4.0,200000,9768756.210313082,3379.3609210673426,110,0,9533632.912375,3307.0821750000005,383,0
8,1250,120,0.2,10058521.01375,9407494.811,9289041.847453477,3656.16225,2958.0021,3014.6007546183346,383,205,178,53.52480417754569,0.6,0.85,4.0,200000,9289041.847453477,3014.6007546183346,205,0,8968744.811,2958.0021,383,0
8,1250,120,0.3,10058521.01375,8842606.709624998,8762435.988993512,3656.16225,2608.922025,2653.968477426347,383,251,132,65.53524804177546,0.6,0.85,4.0,200000,8762435.988993512,2653.968477426347,251,0,8403856.709625,2608.922025,383,0
8,1250,120,0.4,10058521.01375,8277718.60825,8219696.963800748,3656.16225,2259.8419499999995,2298.2492882459705,383,280,103,73.1070496083551,0.6,0.85,4.0,200000,8248638.337108995,2360.7154378602268,251,0,7838968.60825,2259.8419499999995,383,0
8,1250,120,0.5,10058521.01375,7712830.506875,7670051.708971003,3656.16225,1910.761875,1944.3553306900583,383,298,85,77.80678851174935,0.6,0.85,4.0,200000,7891158.19547751,2288.501098192289,295,0,7274080.506875,1910.761875,383,0
8,1250,120,0.6,10058521.01375,7147942.4055,7115645.935185712,3656.16225,1561.6818,1586.9665817093867,383,320,63,83.55091383812011,0.6,0.85,4.0,200000,7544191.784746114,2190.0225142272393,232,0,6709192.4055,1561.6818,383,0
8,1250,120,0.7,10058521.01375,6583054.304125,6557391.167222264,3656.16225,1212.601725,1234.0165473704906,383,331,52,86.42297650130548,0.6,0.85,4.0,200000,7291757.402547875,2109.9477378964143,220,0,6144304.304125001,1212.601725,383,0
8,2500,30,0.1,10058521.01375,10451132.912375,9856385.985439746,1947.5499375,1769.33109375,1839.6464518719781,383,40,343,10.443864229765014,0.6,0.85,4.0,200000,9856385.985439746,1839.6464518719781,40,0,9573351.238215186,1769.983159466689,382,0
8,2500,30,0.2,10058521.01375,9886244.811,9478991.406876165,1947.5499375,1591.11225,1664.9013230336714,383,110,273,28.720626631853786,0.6,0.85,4.0,200000,9478991.406876165,1664.9013230336714,110,0,9008744.811,1591.11225,383,0
8,2500,30,0.3,10058521.01375,9321356.709625,9018650.575008376,1947.5499375,1412.89340625,1478.145189671432,383,166,217,43.34203655352481,0.6,0.85,4.0,200000,9018650.575008376,1478.145189671432,166,0,8443856.709625,1412.89340625,383,0
8,2500,30,0.4,10058521.01375,8756468.60825,8519562.681156952,1947.5499375,1234.6745625,1294.6964598091672,383,205,178,53.52480417754569,0.6,0.85,4.0,200000,8520073.127201902,1299.1052239758774,199,0,7878968.60825,1234.6745625,383,0
8,2500,30,0.5,10058521.01375,8191580.506875,7998467.308084229,1947.5499375,1056.45571875,1109.871542317934,383,233,150,60.8355091383812,0.6,0.85,4.0,200000,8145239.44420016,1278.0312122742994,200,0,7314080.506875,1056.45571875,383,0
8,2500,30,0.6,10058521.01375,7626692.4055,7466350.964237025,1947.5499375,878.236875,926.4817862131736,383,251,132,65.53524804177546,0.6,0.85,4.0,200000,7809435.310842761,1256.4565149336652,197,0,6749192.4055,878.236875,383,0
8,2500,30,0.7,10058521.01375,7061804.304125,6926190.883923465,1947.5499375,700.0180312500001,744.4409635327256,383,269,114,70.23498694516971,0.6,0.85,4.0,200000,7539052.834105066,1234.9154891440057,185,0,6184304.304125,700.0180312500001,383,0
8,2500,60,0.1,10058521.01375,10451132.912375,9856385.985439746,2517.087375,2281.9147875,2374.8500537439563,383,40,343,10.443864229765014,0.6,0.85,4.0,200000,9856385.985439746,2374.8500537439563,40,0,9573351.238215186,2282.623708933378,382,0
8,2500,60,0.2,10058521.01375,9886244.811,9478991.406876165,2517.087375,2046.7422,2144.1207460673427,383,110,273,28.720626631853786,0.6,0.85,4.0,200000,9478991.406876165,2144.1207460673427,110,0,9008744.811,2046.7422,383,0
8,2500,60,0.3,10058521.01375,9321356.709625,9018650.575008376,2517.087375,1811.5696125,1897.1958193428643,383,166,217,43.34203655352481,0.6,0.85,4.0,200000,9018650.575008376,1897.1958193428643,166,0,8443856.709625,1811.5696125,383,0
8,2500,60,0.4,10058521.01375,8756468.60825,8519562.681156952,2517.087375,1576.397025,1654.1440596183345,383,205,178,53.52480417754569,0.6,0.85,4.0,200000,8520073.127201902,1660.0166679517545,199,0,7878968.60825,1576.397025,383,0
8,2500,60,0.5,10058521.01375,8191580.506875,7998467.308084229,2517.087375,1341.2244375,1409.8525346358679,383,233,150,60.8355091383812,0.6,0.85,4.0,200000,8145239.44420016,1618.0059245485986,200,0,7314080.506875,1341.2244375,383,0
8,2500,60,0.6,10058521.01375,7626692.4055,7466350.964237025,2517.087375,1106.05185,1168.246092426347,383,251,132,65.53524804177546,0.6,0.85,4.0,200000,7809435.310842761,1574.8538898673305,197,0,6749192.4055,1106.05185,383,0
8,2500,60,0.7,10058521.01375,7061804.304125,6926190.883923465,2517.087375,870.8792625000001,927.5537570654511,383,269,114,70.23498694516971,0.6,0.85,4.0,200000,7539052.834105066,1531.7079282880113,185,0,6184304.304125,870.8792625000001,383,0
8,2500,120,0.1,10058521.01375,10451132.912375,9856385.985439746,3656.16225,3307.0821750000005,3445.2572574879127,383,40,343,10.443864229765014,0.6,0.85,4.0,200000,9856385.985439746,3445.2572574879127,40,0,9573351.238215186,3307.9048078667565,382,0
8,2500,120,0.2,10058521.01375,9886244.811,9478991.406876165,3656.16225,2958.0021,3102.5595921346853,383,110,273,28.720626631853786,0.6,0.85,4.0,200000,9478991.406876165,3102.5595921346853,110,0,9008744.811,2958.0021,383,0
8,2500,120,0.3,10058521.01375,9321356.709625,9018650.575008376,3656.16225,2608.922025,2735.2970786857286,383,166,217,43.34203655352481,0.6,0.85,4.0,200000,9018650.575008376,2735.2970786857286,166,0,8443856.709625,2608.922025,383,0
8,2500,120,0.4,10058521.01375,8756468.60825,8519562.681156952,3656.16225,2259.8419499999995,2373.0392592366693,383,205,178,53.52480417754569,0.6,0.85,4.0,200000,8520073.127201902,2381.839555903509,199,0,7878968.60825,2259.8419499999995,383,0
8,2500,120,0.5,10058521.01375,8191580.506875,7998467.308084229,3656.16225,1910.761875,2009.814519271736,383,233,150,60.8355091383812,0.6,0.85,4.0,200000,8145239.44420016,2297.955349097198,200,0,7314080.506875,1910.761875,383,0
8,2500,120,0.6,10058521.01375,7626692.4055,7466350.964237025,3656.16225,1561.6818,1651.7747048526942,383,251,132,65.53524804177546,0.6,0.85,4.0,200000,7809435.310842761,2211.6486397346607,197,0,6749192.4055,1561.6818,383,0
8,2500,120,0.7,10058521.01375,7061804.304125,6926190.883923465,3656.16225,1212.601725,1293.7793441309022,383,269,114,70.23498694516971,0.6,0.85,4.0,200000,7539052.834105066,2125.2928065760225,185,0,6184304.304125,1212.601725,383,0
8,5000,30,0.1,10058521.01375,11408632.912375,9925678.639673011,1947.5499375,1769.33109375,1861.2809132955438,383,17,366,4.438642297650131,0.6,0.85,4.0,200000,9925678.639673011,1861.2809132955438,17,0,9645667.78497636,1775.8746315856383,352,0
8,5000,30,0.2,10058521.01375,10843744.811,9654250.95712949,1947.5499375,1591.11225,1731.7429662439563,383,40,343,10.443864229765014,0.6,0.85,4.0,200000,9654250.95712949,1731.7429662439563,40,0,9088181.46268037,1592.4163814333783,382,0
8,5000,30,0.3,10058521.01375,10278856.709625,9303869.902911069,1947.5499375,1412.89340625,1567.050840000949,383,74,309,19.321148825065276,0.6,0.85,4.0,200000,9303869.902911069,1567.050840000949,74,0,8523856.709625,1412.89340625,383,0
8,5000,30,0.4,10058521.01375,9713968.60825,8899461.80000233,1947.5499375,1234.6745625,1382.2527085673428,383,110,273,28.720626631853786,0.6,0.85,4.0,200000,8899461.80000233,1382.2527085673428,110,0,7958968.60825,1234.6745625,383,0
8,5000,30,0.5,10058521.01375,9149080.506874999,8453857.816926906,1947.5499375,1056.45571875,1192.9476543508777,383,142,241,37.0757180156658,0.6,0.85,4.0,200000,8505069.434184773,1288.8087984301233,108,0,7394080.506875,1056.45571875,383,0
8,5000,30,0.6,10058521.01375,8584192.4055,7978780.136266751,1947.5499375,878.236875,1008.7404418428644,383,166,217,43.34203655352481,0.6,0.85,4.0,200000,8190933.675898766,1268.761905887037,121,0,6829192.4055,878.236875,383,0
8,5000,30,0.7,10058521.01375,8019304.304125001,7487296.358411406,1947.5499375,700.0180312500001,826.5370563488349,383,187,196,48.825065274151434,0.6,0.85,4.0,200000,7900555.411948809,1249.8339991791838,125,0,6264304.304125,700.0180312500001,383,0
8,5000,60,0.1,10058521.01375,11408632.912375,9925678.639673011,2517.087375,2281.9147875,2404.395486591088,383,17,366,4.438642297650131,0.6,0.85,4.0,200000,9925678.639673011,2404.395486591088,17,0,9645667.78497636,2289.6477231712765,352,0
8,5000,60,0.2,10058521.01375,10843744.811,9654250.95712949,2517.087375,2046.7422,2232.612732487912,383,40,343,10.443864229765014,0.6,0.85,4.0,200000,9654250.95712949,2232.612732487912,40,0,9088181.46268037,2048.160042866756,382,0
8,5000,60,0.3,10058521.01375,10278856.709625,9303869.902911069,2517.087375,1811.5696125,2013.9201600018978,383,74,309,19.321148825065276,0.6,0.85,4.0,200000,9303869.902911069,2013.9201600018978,74,0,8523856.709625,1811.5696125,383,0
8,5000,60,0.4,10058521.01375,9713968.60825,8899461.80000233,2517.087375,1576.397025,1771.154117134685,383,110,273,28.720626631853786,0.6,0.85,4.0,200000,8899461.80000233,1771.154117134685,110,0,7958968.60825,1576.397025,383,0
8,5000,60,0.5,10058521.01375,9149080.506874999,8453857.816926906,2517.087375,1341.2244375,1521.2566587017554,383,142,241,37.0757180156658,0.6,0.85,4.0,200000,8505069.434184773,1639.2420968602466,108,0,7394080.506875,1341.2244375,383,0
8,5000,60,0.6,10058521.01375,8584192.4055,7978780.136266751,2517.087375,1106.05185,1277.3042636857288,383,166,217,43.34203655352481,0.6,0.85,4.0,200000,8190933.675898766,1599.2026517740742,121,0,6829192.4055,1106.05185,383,0
8,5000,60,0.7,10058521.01375,8019304.304125001,7487296.358411406,2517.087375,870.8792625000001,1035.8131426976697,383,187,196,48.825065274151434,0.6,0.85,4.0,200000,7900555.411948809,1561.2677483583673,125,0,6264304.304125,870.8792625000001,383,0
8,5000,120,0.1,10058521.01375,11408632.912375,9925678.639673011,3656.16225,3307.0821750000005,3490.6246331821753,383,17,366,4.438642297650131,0.6,0.85,4.0,200000,9925678.639673011,3490.6246331821753,17,0,9645667.78497636,3317.1939063425534,352,0
8,5000,120,0.2,10058521.01375,10843744.811,9654250.95712949,3656.16225,2958.0021,3234.3522649758247,383,40,343,10.443864229765014,0.6,0.85,4.0,200000,9654250.95712949,3234.3522649758247,40,0,9088181.46268037,2959.6473657335127,382,0
8,5000,120,0.3,10058521.01375,10278856.709625,9303869.902911069,3656.16225,2608.922025,2907.6588000037955,383,74,309,19.321148825065276,0.6,0.85,4.0,200000,9303869.902911069,2907.6588000037955,74,0,8523856.709625,2608.922025,383,0
8,5000,120,0.4,10058521.01375,9713968.60825,8899461.80000233,3656.16225,2259.8419499999995,2548.9569342693703,383,110,273,28.720626631853786,0.6,0.85,4.0,200000,8899461.80000233,2548.9569342693703,110,0,7958968.60825,2259.8419499999995,383,0
8,5000,120,0.5,10058521.01375,9149080.506874999,8453857.816926906,3656.16225,1910.761875,2177.8746674035106,383,142,241,37.0757180156658,0.6,0.85,4.0,200000,8505069.434184773,2340.108693720494,108,0,7394080.506875,1910.761875,383,0
8,5000,120,0.6,10058521.01375,8584192.4055,7978780.136266751,3656.16225,1561.6818,1814.4319073714573,383,166,217,43.34203655352481,0.6,0.85,4.0,200000,8190933.675898766,2260.0841435481484,121,0,6829192.4055,1561.6818,383,0
8,5000,120,0.7,10058521.01375,8019304.304125001,7487296.358411406,3656.16225,1212.601725,1454.3653153953394,383,187,196,48.825065274151434,0.6,0.85,4.0,200000,7900555.411948809,2184.1352467167344,125,0,6264304.304125,1212.601725,383,0
10,1250,30,0.1,10058521.01375,10082623.912375,9852681.461393707,1947.5499375,1769.33109375,1816.4290841837462,383,89,294,23.237597911227155,0.6,0.85,4.0,200000,9852681.461393707,1816.4290841837462,89,0,9643827.447499422,1770.0043760552621,382,0
10,1250,30,0.2,10058521.01375,9627976.811,9487695.289249389,1947.5499375,1591.11225,1630.7013845370905,383,184,199,48.04177545691906,0.6,0.85,4.0,200000,9487695.289249389,1630.7013845370905,184,0,9189186.662344147,1592.458814610524,382,0
10,1250,30,0.3,10058521.01375,9173329.709625,9073273.244658088,1947.5499375,1412.89340625,1449.9088948378362,383,226,157,59.007832898172325,0.6,0.85,4.0,200000,9073273.244658088,1449.9088948378362,226,0,8734545.87718887,1414.9132531657865,382,0
10,1250,30,0.4,10058521.01375,8718682.60825,8643168.84894209,1947.5499375,1234.6745625,1265.7221743336079,383,261,122,68.1462140992167,0.6,0.85,4.0,200000,8648539.137108995,1293.7700744650567,251,0,8279905.092033595,1237.3676917210485,382,0
10,1250,30,0.5,10058521.01375,8264035.506875,8204581.567186187,1947.5499375,1056.45571875,1086.820312815959,383,280,103,73.1070496083551,0.6,0.85,4.0,200000,8284381.553692694,1289.4346171915165,277,0,7825264.30687832,1059.8221302763104,382,0
10,1250,30,0.6,10058521.01375,7809388.4055,7762927.785125618,1947.5499375,878.236875,910.0388612464817,383,289,94,75.45691906005221,0.6,0.85,4.0,200000,7944070.184746115,1251.11532355681,232,0,7370623.521723044,882.2765688315726,382,0
10,1250,30,0.7,10058521.01375,7354741.304125,7317739.723587895,1947.5499375,700.0180312500001,726.4923577882482,383,311,72,81.20104438642298,0.6,0.85,4.0,200000,7691680.702547875,1231.0595869741037,220,0,6915982.736567769,704.7310073868347,382,0
10,1250,60,0.1,10058521.01375,10082623.912375,9852681.461393707,2517.087375,2281.9147875,2343.3827983674923,383,89,294,23.237597911227155,0.6,0.85,4.0,200000,9852681.461393707,2343.3827983674923,89,0,9643827.447499422,2282.724662110524,382,0
10,1250,60,0.2,10058521.01375,9627976.811,9487695.289249389,2517.087375,2046.7422,2098.196949074181,383,184,199,48.04177545691906,0.6,0.85,4.0,200000,9487695.289249389,2098.196949074181,184,0,9189186.662344147,2048.3619492210482,382,0
10,1250,60,0.3,10058521.01375,9173329.709625,9073273.244658088,2517.087375,1811.5696125,1858.9940096756723,383,226,157,59.007832898172325,0.6,0.85,4.0,200000,9073273.244658088,1858.9940096756723,226,0,8734545.87718887,1813.9992363315725,382,0
10,1250,60,0.4,10058521.01375,8718682.60825,8643168.84894209,2517.087375,1576.397025,1615.9299286672153,383,261,122,68.1462140992167,0.6,0.85,4.0,200000,8648539.137108995,1649.4185289301133,251,0,8279905.092033595,1579.6365234420969,382,0
10,1250,60,0.5,10058521.01375,8264035.506875,8204581.567186187,2517.087375,1341.2244375,1379.4674256319179,383,280,103,73.1070496083551,0.6,0.85,4.0,200000,8284381.553692694,1629.2588843830333,277,0,7825264.30687832,1345.273810552621,382,0
10,1250,60,0.6,10058521.01375,7809388.4055,7762927.785125618,2517.087375,1106.05185,1146.020562492963,383,289,94,75.45691906005221,0.6,0.85,4.0,200000,7944070.184746115,1564.0843871136196,232,0,7370623.521723044,1110.9110976631453,382,0
10,1250,60,0.7,10058521.01375,7354741.304125,7317739.723587895,2517.087375,870.8792625000001,903.8918455764963,383,311,72,81.20104438642298,0.6,0.85,4.0,200000,7691680.702547875,1524.022303948207,220,0,6915982.736567769,876.5483847736695,382,0
10,1250,120,0.1,10058521.01375,10082623.912375,9852681.461393707,3656.16225,3307.0821750000005,3397.2902267349846,383,89,294,23.237597911227155,0.6,0.85,4.0,200000,9852681.461393707,3397.2902267349846,89,0,9643827.447499422,3308.1652342210486,382,0
10,1250,120,0.2,10058521.01375,9627976.811,9487695.289249389,3656.16225,2958.0021,3033.188078148362,383,184,199,48.04177545691906,0.6,0.85,4.0,200000,9487695.289249389,3033.188078148362,184,0,9189186.662344147,2960.168218442097,382,0
10,1250,120,0.3,10058521.01375,9173329.709625,9073273.244658088,3656.16225,2608.922025,2677.164239351345,383,226,157,59.007832898172325,0.6,0.85,4.0,200000,9073273.244658088,2677.164239351345,226,0,8734545.87718887,2612.171202663145,382,0
10,1250,120,0.4,10058521.01375,8718682.60825,8643168.84894209,3656.16225,2259.8419499999995,2316.3454373344307,383,261,122,68.1462140992167,0.6,0.85,4.0,200000,8648539.137108995,2360.7154378602268,251,0,8279905.092033595,2264.174186884193,382,0
10,1250,120,0.5,10058521.01375,8264035.506875,8204581.567186187,3656.16225,1910.761875,1964.7616512638356,383,280,103,73.1070496083551,0.6,0.85,4.0,200000,8284381.553692694,2308.9074187660663,277,0,7825264.30687832,1916.1771711052418,382,0
10,1250,120,0.6,10058521.01375,7809388.4055,7762927.785125618,3656.16225,1561.6818,1617.9839649859261,383,289,94,75.45691906005221,0.6,0.85,4.0,200000,7944070.184746115,2190.0225142272393,232,0,7370623.521723044,1568.1801553262903,382,0
10,1250,120,0.7,10058521.01375,7354741.304125,7317739.723587895,3656.16225,1212.601725,1258.6908211529928,383,311,72,81.20104438642298,0.6,0.85,4.0,200000,7691680.702547875,2109.9477378964143,220,0,6915982.736567769,1220.183139547339,382,0
10,2500,30,0.1,10058521.01375,10561373.912375,9920654.010364607,1947.5499375,1769.33109375,1851.064387704109,383,34,349,8.877284595300262,0.6,0.85,4.0,200000,9920654.010364607,1851.064387704109,34,0,9682169.003676305,1777.9366818442181,377,0
10,2500,30,0.2,10058521.01375,10106726.811,9646841.909037411,1947.5499375,1591.11225,1685.3082308674923,383,89,294,23.237597911227155,0.6,0.85,4.0,200000,9646841.909037411,1685.3082308674923,89,0,9229133.881248845,1592.458814610524,382,0
10,2500,30,0.3,10058521.01375,9652079.709625,9301811.0649957,1947.5499375,1412.89340625,1505.5564986274887,383,139,244,36.29242819843342,0.6,0.85,4.0,200000,9301811.0649957,1505.5564986274887,139,0,8774493.096093569,1414.9132531657865,382,0
10,2500,30,0.4,10058521.01375,9197432.60825,8916869.564748779,1947.5499375,1234.6745625,1313.852831574181,383,184,199,48.04177545691906,0.6,0.85,4.0,200000,8916869.564748779,1313.852831574181,184,0,8319852.310938293,1237.3676917210485,382,0
10,2500,30,0.5,10058521.01375,8742785.506874999,8508249.059553346,1947.5499375,1056.45571875,1130.236813233144,383,210,173,54.83028720626632,0.6,0.85,4.0,200000,8545199.44420016,1278.0312122742994,200,0,7865211.525783017,1059.8221302763104,382,0
10,2500,30,0.6,10058521.01375,8288138.4055,8088025.475566179,1947.5499375,878.236875,952.2678521756725,383,226,157,59.007832898172325,0.6,0.85,4.0,200000,8209392.910842761,1256.4565149336652,197,0,7410570.740627742,882.2765688315726,382,0
10,2500,30,0.7,10058521.01375,7833491.304125,7661338.845102395,1947.5499375,700.0180312500001,765.2054396409196,383,250,133,65.27415143603133,0.6,0.85,4.0,200000,7938952.334105066,1234.9154891440057,185,0,6955929.955472467,704.7310073868347,382,0
10,2500,60,0.1,10058521.01375,10561373.912375,9920654.010364607,2517.087375,2281.9147875,2388.8386254082184,383,34,349,8.877284595300262,0.6,0.85,4.0,200000,9920654.010364607,2388.8386254082184,34,0,9682169.003676305,2291.9041336884366,377,0
10,2500,60,0.2,10058521.01375,10106726.811,9646841.909037411,2517.087375,2046.7422,2169.6782217349846,383,89,294,23.237597911227155,0.6,0.85,4.0,200000,9646841.909037411,2169.6782217349846,89,0,9229133.881248845,2048.3619492210482,382,0
10,2500,60,0.3,10058521.01375,9652079.709625,9301811.0649957,2517.087375,1811.5696125,1932.1893972549772,383,139,244,36.29242819843342,0.6,0.85,4.0,200000,9301811.0649957,1932.1893972549772,139,0,8774493.096093569,1813.9992363315725,382,0
10,2500,60,0.4,10058521.01375,9197432.60825,8916869.564748779,2517.087375,1576.397025,1679.3065231483617,383,184,199,48.04177545691906,0.6,0.85,4.0,200000,8916869.564748779,1679.3065231483617,184,0,8319852.310938293,1579.6365234420969,382,0
10,2500,60,0.5,10058521.01375,8742785.506874999,8508249.059553346,2517.087375,1341.2244375,1436.2478764662878,383,210,173,54.83028720626632,0.6,0.85,4.0,200000,8545199.44420016,1618.0059245485986,200,0,7865211.525783017,1345.273810552621,382,0
10,2500,60,0.6,10058521.01375,8288138.4055,8088025.475566179,2517.087375,1106.05185,1200.900644351345,383,226,157,59.007832898172325,0.6,0.85,4.0,200000,8209392.910842761,1574.8538898673305,197,0,7410570.740627742,1110.9110976631453,382,0
10,2500,60,0.7,10058521.01375,7833491.304125,7661338.845102395,2517.087375,870.8792625000001,953.9722292818392,383,250,133,65.27415143603133,0.6,0.85,4.0,200000,7938952.334105066,1531.7079282880113,185,0,6955929.955472467,876.5483847736695,382,0
10,2500,120,0.1,10058521.01375,10561373.912375,9920654.010364607,3656.16225,3307.0821750000005,3464.3871008164365,383,34,349,8.877284595300262,0.6,0.85,4.0,200000,9920654.010364607,3464.3871008164365,34,0,9682169.003676305,3319.8390373768734,377,0
10,2500,120,0.2,10058521.01375,10106726.811,9646841.909037411,3656.16225,2958.0021,3138.4182034699693,383,89,294,23.237597911227155,0.6,0.85,4.0,200000,9646841.909037411,3138.4182034699693,89,0,9229133.881248845,2960.168218442097,382,0
10,2500,120,0.3,10058521.01375,9652079.709625,9301811.0649957,3656.16225,2608.922025,2785.4551945099543,383,139,244,36.29242819843342,0.6,0.85,4.0,200000,9301811.0649957,2785.4551945099543,139,0,8774493.096093569,2612.171202663145,382,0
10,2500,120,0.4,10058521.01375,9197432.60825,8916869.564748779,3656.16225,2259.8419499999995,2410.213906296724,383,184,199,48.04177545691906,0.6,0.85,4.0,200000,8916869.564748779,2410.213906296724,184,0,8319852.310938293,2264.174186884193,382,0
10,2500,120,0.5,10058521.01375,8742785.506874999,8508249.059553346,3656.16225,1910.761875,2048.2700029325756,383,210,173,54.83028720626632,0.6,0.85,4.0,200000,8545199.44420016,2297.955349097198,200,0,7865211.525783017,1916.1771711052418,382,0
10,2500,120,0.6,10058521.01375,8288138.4055,8088025.475566179,3656.16225,1561.6818,1698.1662287026898,383,226,157,59.007832898172325,0.6,0.85,4.0,200000,8209392.910842761,2211.6486397346607,197,0,7410570.740627742,1568.1801553262903,382,0
10,2500,120,0.7,10058521.01375,7833491.304125,7661338.845102395,3656.16225,1212.601725,1331.5058085636783,383,250,133,65.27415143603133,0.6,0.85,4.0,200000,7938952.334105066,2125.2928065760225,185,0,6955929.955472467,1220.183139547339,382,0
10,5000,30,0.1,10058521.01375,11518873.912375,9974195.111052396,1947.5499375,1769.33109375,1875.9026095416339,383,11,372,2.8720626631853787,0.6,0.85,4.0,200000,9974195.111052396,1875.9026095416339,11,0,9746458.974906767,1788.0552204047049,332,0
10,5000,30,0.2,10058521.01375,11064226.811,9782787.006979214,1947.5499375,1591.11225,1754.5788379082185,383,34,349,8.877284595300262,0.6,0.85,4.0,200000,9782787.006979214,1754.5788379082185,34,0,9305816.993602607,1608.3234261884363,377,0
10,5000,30,0.3,10058521.01375,10609579.709625,9534353.95455437,1947.5499375,1412.89340625,1602.925143403232,383,63,320,16.449086161879894,0.6,0.85,4.0,200000,9534353.95455437,1602.925143403232,63,0,8853778.852090776,1419.1073946706763,380,0
10,5000,30,0.4,10058521.01375,10154932.60825,9235162.804324823,1947.5499375,1234.6745625,1423.0665242349849,383,89,294,23.237597911227155,0.6,0.85,4.0,200000,9235162.804324823,1423.0665242349849,89,0,8399746.748747688,1237.3676917210485,382,0
10,5000,30,0.5,10058521.01375,9700285.506874999,8901497.623577552,1947.5499375,1056.45571875,1247.5816505780758,383,116,267,30.287206266318538,0.6,0.85,4.0,200000,8904739.434184773,1288.8087984301233,108,0,7945105.963592413,1059.8221302763104,382,0
10,5000,30,0.6,10058521.01375,9245638.4055,8545101.116241401,1947.5499375,878.236875,1063.5630597549773,383,139,244,36.29242819843342,0.6,0.85,4.0,200000,8590653.075898767,1268.761905887037,121,0,7490465.178437137,882.2765688315726,382,0
10,5000,30,0.7,10058521.01375,8790991.304125,8168119.001929233,1947.5499375,700.0180312500001,875.7956042575057,383,160,223,41.775456919060055,0.6,0.85,4.0,200000,8300202.911948809,1249.8339991791838,125,0,7035824.393281862,704.7310073868347,382,0
10,5000,60,0.1,10058521.01375,11518873.912375,9974195.111052396,2517.087375,2281.9147875,2422.2779690832676,383,11,372,2.8720626631853787,0.6,0.85,4.0,200000,9974195.111052396,2422.2779690832676,11,0,9746458.974906767,2304.0848108094096,332,0
10,5000,60,0.2,10058521.01375,11064226.811,9782787.006979214,2517.087375,2046.7422,2260.5898758164367,383,34,349,8.877284595300262,0.6,0.85,4.0,200000,9782787.006979214,2260.5898758164367,34,0,9305816.993602607,2066.720892376873,377,0
10,5000,60,0.3,10058521.01375,10609579.709625,9534353.95455437,2517.087375,1811.5696125,2058.0071768064636,383,63,320,16.449086161879894,0.6,0.85,4.0,200000,9534353.95455437,2058.0071768064636,63,0,8853778.852090776,1818.6882193413521,380,0
10,5000,60,0.4,10058521.01375,10154932.60825,9235162.804324823,2517.087375,1576.397025,1822.2690684699696,383,89,294,23.237597911227155,0.6,0.85,4.0,200000,9235162.804324823,1822.2690684699696,89,0,8399746.748747688,1579.6365234420969,382,0
10,5000,60,0.5,10058521.01375,9700285.506874999,8901497.623577552,2517.087375,1341.2244375,1590.4791511561516,383,116,267,30.287206266318538,0.6,0.85,4.0,200000,8904739.434184773,1639.2420968602466,108,0,7945105.963592413,1345.273810552621,382,0
10,5000,60,0.6,10058521.01375,9245638.4055,8545101.116241401,2517.087375,1106.05185,1347.2914195099545,383,139,244,36.29242819843342,0.6,0.85,4.0,200000,8590653.075898767,1599.2026517740742,121,0,7490465.178437137,1110.9110976631453,382,0
10,5000,60,0.7,10058521.01375,8790991.304125,8168119.001929233,2517.087375,870.8792625000001,1099.8727385150112,383,160,223,41.775456919060055,0.6,0.85,4.0,200000,8300202.911948809,1561.2677483583673,125,0,7035824.393281862,876.5483847736695,382,0
10,5000,120,0.1,10058521.01375,11518873.912375,9974195.111052396,3656.16225,3307.0821750000005,3515.028688166536,383,11,372,2.8720626631853787,0.6,0.85,4.0,200000,9974195.111052396,3515.028688166536,11,0,9746458.974906767,3336.1439916188197,332,0
10,5000,120,0.2,10058521.01375,11064226.811,9782787.006979214,3656.16225,2958.0021,3272.6119516328736,383,34,349,8.877284595300262,0.6,0.85,4.0,200000,9782787.006979214,3272.6119516328736,34,0,9305816.993602607,2983.515824753746,377,0
10,5000,120,0.3,10058521.01375,10609579.709625,9534353.95455437,3656.16225,2608.922025,2968.171243612927,383,63,320,16.449086161879894,0.6,0.85,4.0,200000,9534353.95455437,2968.171243612927,63,0,8853778.852090776,2617.8498686827043,380,0
10,5000,120,0.4,10058521.01375,10154932.60825,9235162.804324823,3656.16225,2259.8419499999995,2620.674156939939,383,89,294,23.237597911227155,0.6,0.85,4.0,200000,9235162.804324823,2620.674156939939,89,0,8399746.748747688,2264.174186884193,382,0
10,5000,120,0.5,10058521.01375,9700285.506874999,8901497.623577552,3656.16225,1910.761875,2276.2741523123036,383,116,267,30.287206266318538,0.6,0.85,4.0,200000,8904739.434184773,2340.108693720494,108,0,7945105.963592413,1916.1771711052418,382,0
10,5000,120,0.6,10058521.01375,9245638.4055,8545101.116241401,3656.16225,1561.6818,1914.7481390199089,383,139,244,36.29242819843342,0.6,0.85,4.0,200000,8590653.075898767,2260.0841435481484,121,0,7490465.178437137,1568.1801553262903,382,0
10,5000,120,0.7,10058521.01375,8790991.304125,8168119.001929233,3656.16225,1212.601725,1548.0270070300226,383,160,223,41.775456919060055,0.6,0.85,4.0,200000,8300202.911948809,2184.1352467167344,125,0,7035824.393281862,1220.183139547339,382,0
12,1250,30,0.1,10058521.01375,10192864.912375,9914936.01556915,1947.5499375,1769.33109375,1869.4047484009272,383,64,319,16.710182767624023,0.6,0.85,4.0,200000,9914936.01556915,1869.4047484009272,64,0,9737456.553490127,1815.6903390090126,370,0
12,1250,30,0.2,10058521.01375,9848458.811,9646755.572223483,1947.5499375,1591.11225,1741.9343898291559,383,139,244,36.29242819843342,0.6,0.85,4.0,200000,9646755.572223483,1741.9343898291559,139,0,9381791.15212035,1679.2988353166102,375,0
12,1250,30,0.3,10058521.01375,9504052.709625,9333635.02507229,1947.5499375,1412.89340625,1598.7216172111964,383,200,183,52.21932114882507,0.6,0.85,4.0,200000,9333635.02507229,1598.7216172111964,200,0,9025369.937213948,1542.433782908989,377,0
12,1250,30,0.4,10058521.01375,9159646.60825,9003800.678759668,1947.5499375,1234.6745625,1461.478790286543,383,231,152,60.31331592689295,0.6,0.85,4.0,200000,9003800.678759668,1461.478790286543,231,0,8668862.94905724,1407.3950647119855,377,0
12,1250,30,0.5,10058521.01375,8815240.506874999,8666209.117014863,1947.5499375,1056.45571875,1322.451352676274,383,250,133,65.27415143603133,0.6,0.85,4.0,200000,8666209.117014863,1322.451352676274,250,0,8312355.96090053,1272.3563465149816,377,0
12,1250,30,0.6,10058521.01375,8470834.4055,8323278.635275305,1947.5499375,878.236875,1181.9881385464548,383,266,117,69.45169712793734,0.6,0.85,4.0,200000,8343948.584746114,1251.11532355681,232,0,7955848.972743821,1137.3176283179782,377,0
12,1250,30,0.7,10058521.01375,8126428.304125,7977415.400133131,1947.5499375,700.0180312500001,1047.7479504264113,383,276,107,72.0626631853786,0.6,0.85,4.0,200000,8091604.002547875,1231.0595869741037,220,0,7599341.984587112,1002.2789101209745,377,0
12,1250,60,0.1,10058521.01375,10192864.912375,9914936.01556915,2517.087375,2281.9147875,2409.1524468018542,383,64,319,16.710182767624023,0.6,0.85,4.0,200000,9914936.01556915,2409.1524468018542,64,0,9737456.553490127,2338.6105880180253,370,0
12,1250,60,0.2,10058521.01375,9848458.811,9646755.572223483,2517.087375,2046.7422,2235.628559658311,383,139,244,36.29242819843342,0.6,0.85,4.0,200000,9646755.572223483,2235.628559658311,139,0,9381791.15212035,2155.00953063322,375,0
12,1250,60,0.3,10058521.01375,9504052.709625,9333635.02507229,2517.087375,1811.5696125,2042.1599444223923,383,200,183,52.21932114882507,0.6,0.85,4.0,200000,9333635.02507229,2042.1599444223923,200,0,9025369.937213948,1970.841205817978,377,0
12,1250,60,0.4,10058521.01375,9159646.60825,9003800.678759668,2517.087375,1576.397025,1856.7057605730859,383,231,152,60.31331592689295,0.6,0.85,4.0,200000,9003800.678759668,1856.7057605730859,231,0,8668862.94905724,1788.759149423971,377,0
12,1250,60,0.5,10058521.01375,8815240.506874999,8666209.117014863,2517.087375,1341.2244375,1669.664555352548,383,250,133,65.27415143603133,0.6,0.85,4.0,200000,8666209.117014863,1669.664555352548,250,0,8312355.96090053,1606.6770930299635,377,0
12,1250,60,0.6,10058521.01375,8470834.4055,8323278.635275305,2517.087375,1106.05185,1480.8713770929096,383,266,117,69.45169712793734,0.6,0.85,4.0,200000,8343948.584746114,1564.0843871136196,232,0,7955848.972743821,1424.5950366359561,377,0
12,1250,60,0.7,10058521.01375,8126428.304125,7977415.400133131,2517.087375,870.8792625000001,1299.6449808528225,383,276,107,72.0626631853786,0.6,0.85,4.0,200000,8091604.002547875,1524.022303948207,220,0,7599341.984587112,1242.512980241949,377,0
12,1250,120,0.1,10058521.01375,10192864.912375,9914936.01556915,3656.16225,3307.0821750000005,3488.6478436037087,383,64,319,16.710182767624023,0.6,0.85,4.0,200000,9914936.01556915,3488.6478436037087,64,0,9737456.553490127,3384.45108603605,370,0
12,1250,120,0.2,10058521.01375,9848458.811,9646755.572223483,3656.16225,2958.0021,3223.0168993166226,383,139,244,36.29242819843342,0.6,0.85,4.0,200000,9646755.572223483,3223.0168993166226,139,0,9381791.15212035,3106.4309212664402,375,0
12,1250,120,0.3,10058521.01375,9504052.709625,9333635.02507229,3656.16225,2608.922025,2929.0365988447847,383,200,183,52.21932114882507,0.6,0.85,4.0,200000,9333635.02507229,2929.0365988447847,200,0,9025369.937213948,2827.656051635956,377,0
12,1250,120,0.4,10058521.01375,9159646.60825,9003800.678759668,3656.16225,2259.8419499999995,2647.1597011461713,383,231,152,60.31331592689295,0.6,0.85,4.0,200000,9003800.678759668,2647.1597011461713,231,0,8668862.94905724,2551.487318847942,377,0
12,1250,120,0.5,10058521.01375,8815240.506874999,8666209.117014863,3656.16225,1910.761875,2364.0909607050958,383,250,133,65.27415143603133,0.6,0.85,4.0,200000,8666209.117014863,2364.0909607050958,250,0,8312355.96090053,2275.318586059927,377,0
12,1250,120,0.6,10058521.01375,8470834.4055,8323278.635275305,3656.16225,1561.6818,2078.6378541858194,383,266,117,69.45169712793734,0.6,0.85,4.0,200000,8343948.584746114,2190.0225142272393,232,0,7955848.972743821,1999.1498532719127,377,0
12,1250,120,0.7,10058521.01375,8126428.304125,7977415.400133131,3656.16225,1212.601725,1803.439041705645,383,276,107,72.0626631853786,0.6,0.85,4.0,200000,8091604.002547875,2109.9477378964143,220,0,7599341.984587112,1722.9811204838982,377,0
12,2500,30,0.1,10058521.01375,10671614.912375,9963968.222000193,1947.5499375,1769.33109375,1893.3417024157309,383,26,357,6.788511749347259,0.6,0.85,4.0,200000,9963968.222000193,1893.3417024157309,26,0,9770305.218692878,1820.5812571161493,355,0
12,2500,30,0.2,10058521.01375,10327208.811,9771351.017388301,1947.5499375,1591.11225,1791.2595593018543,383,64,319,16.710182767624023,0.6,0.85,4.0,200000,9771351.017388301,1791.2595593018543,64,0,9416392.093230253,1683.830740518025,370,0
12,2500,30,0.3,10058521.01375,9982802.709624998,9518020.660707736,1947.5499375,1412.89340625,1658.6441303728059,383,111,272,28.98172323759791,0.6,0.85,4.0,200000,9518020.660707736,1658.6441303728059,111,0,9060921.094741322,1547.2874757605034,373,0
12,2500,30,0.4,10058521.01375,9638396.60825,9234990.130696965,1947.5499375,1234.6745625,1536.3188421583113,383,139,244,36.29242819843342,0.6,0.85,4.0,200000,9234990.130696965,1536.3188421583113,139,0,8705061.290490698,1411.0477331332204,375,0
12,2500,30,0.5,10058521.01375,9293990.506874999,8929124.937848942,1947.5499375,1056.45571875,1384.668405308481,383,177,206,46.21409921671018,0.6,0.85,4.0,200000,8929124.937848942,1384.668405308481,177,0,8348725.848834608,1272.3563465149816,377,0
12,2500,30,0.6,10058521.01375,8949584.4055,8608749.03639458,1947.5499375,878.236875,1249.8932969223924,383,200,183,52.21932114882507,0.6,0.85,4.0,200000,8609350.510842761,1256.4565149336652,197,0,7992218.860677898,1137.3176283179782,377,0
12,2500,30,0.7,10058521.01375,8605178.304125,8281700.420651736,1947.5499375,700.0180312500001,1116.2729110965774,383,212,171,55.35248041775457,0.6,0.85,4.0,200000,8338851.834105066,1234.9154891440057,185,0,7635711.872521189,1002.2789101209745,377,0
12,2500,60,0.1,10058521.01375,10671614.912375,9963968.222000193,2517.087375,2281.9147875,2441.7202948314616,383,26,357,6.788511749347259,0.6,0.85,4.0,200000,9963968.222000193,2441.7202948314616,26,0,9770305.218692878,2344.400084232299,355,0
12,2500,60,0.2,10058521.01375,10327208.811,9771351.017388301,2517.087375,2046.7422,2301.2175186037084,383,64,319,16.710182767624023,0.6,0.85,4.0,200000,9771351.017388301,2301.2175186037084,64,0,9416392.093230253,2160.13380103605,370,0
12,2500,60,0.3,10058521.01375,9982802.709624998,9518020.660707736,2517.087375,1811.5696125,2121.405070745612,383,111,272,28.98172323759791,0.6,0.85,4.0,200000,9518020.660707736,2121.405070745612,111,0,9060921.094741322,1976.2764115210066,373,0
12,2500,60,0.4,10058521.01375,9638396.60825,9234990.130696965,2517.087375,1576.397025,1954.1697443166227,383,139,244,36.29242819843342,0.6,0.85,4.0,200000,9234990.130696965,1954.1697443166227,139,0,8705061.290490698,1792.9316862664405,375,0
12,2500,60,0.5,10058521.01375,9293990.506874999,8929124.937848942,2517.087375,1341.2244375,1750.1927106169614,383,177,206,46.21409921671018,0.6,0.85,4.0,200000,8929124.937848942,1750.1927106169614,177,0,8348725.848834608,1606.6770930299635,377,0
12,2500,60,0.6,10058521.01375,8949584.4055,8608749.03639458,2517.087375,1106.05185,1567.232513844785,383,200,183,52.21932114882507,0.6,0.85,4.0,200000,8609350.510842761,1574.8538898673305,197,0,7992218.860677898,1424.5950366359561,377,0
12,2500,60,0.7,10058521.01375,8605178.304125,8281700.420651736,2517.087375,870.8792625000001,1386.2868521931546,383,212,171,55.35248041775457,0.6,0.85,4.0,200000,8338851.834105066,1531.7079282880113,185,0,7635711.872521189,1242.512980241949,377,0
12,2500,120,0.1,10058521.01375,10671614.912375,9963968.222000193,3656.16225,3307.0821750000005,3538.4774796629235,383,26,357,6.788511749347259,0.6,0.85,4.0,200000,9963968.222000193,3538.4774796629235,26,0,9770305.218692878,3392.037738464598,355,0
12,2500,120,0.2,10058521.01375,10327208.811,9771351.017388301,3656.16225,2958.0021,3321.1334372074175,383,64,319,16.710182767624023,0.6,0.85,4.0,200000,9771351.017388301,3321.1334372074175,64,0,9416392.093230253,3112.7399220721004,370,0
12,2500,120,0.3,10058521.01375,9982802.709624998,9518020.660707736,3656.16225,2608.922025,3046.926951491224,383,111,272,28.98172323759791,0.6,0.85,4.0,200000,9518020.660707736,3046.926951491224,111,0,9060921.094741322,2834.254283042013,373,0
12,2500,120,0.4,10058521.01375,9638396.60825,9234990.130696965,3656.16225,2259.8419499999995,2789.8715486332453,383,139,244,36.29242819843342,0.6,0.85,4.0,200000,9234990.130696965,2789.8715486332453,139,0,8705061.290490698,2556.6995925328806,375,0
12,2500,120,0.5,10058521.01375,9293990.506874999,8929124.937848942,3656.16225,1910.761875,2481.241321233923,383,177,206,46.21409921671018,0.6,0.85,4.0,200000,8929124.937848942,2481.241321233923,177,0,8348725.848834608,2275.318586059927,377,0
12,2500,120,0.6,10058521.01375,8949584.4055,8608749.03639458,3656.16225,1561.6818,2201.91094768957,383,200,183,52.21932114882507,0.6,0.85,4.0,200000,8609350.510842761,2211.6486397346607,197,0,7992218.860677898,1999.1498532719127,377,0
12,2500,120,0.7,10058521.01375,8605178.304125,8281700.420651736,3656.16225,1212.601725,1926.3147343863095,383,212,171,55.35248041775457,0.6,0.85,4.0,200000,8338851.834105066,2125.2928065760225,185,0,7635711.872521189,1722.9811204838982,377,0
12,5000,30,0.1,10058521.01375,11629114.912375,9997834.854681619,1947.5499375,1769.33109375,1917.5523651627102,383,7,376,1.8276762402088773,0.6,0.85,4.0,200000,9997834.854681619,1917.5523651627102,7,0,9822662.328415409,1831.698138545566,305,0
12,5000,30,0.2,10058521.01375,11284708.811,9869415.430250386,1947.5499375,1591.11225,1839.1334673314616,383,26,357,6.788511749347259,0.6,0.85,4.0,200000,9869415.430250386,1839.1334673314616,26,0,9482089.423635757,1693.612576732299,355,0
12,5000,30,0.3,10058521.01375,10940302.709625,9695054.964453585,1947.5499375,1412.89340625,1748.383578184593,383,43,340,11.22715404699739,0.6,0.85,4.0,200000,9695054.964453585,1748.383578184593,43,0,9129068.607061977,1554.7197219840032,368,0
12,5000,30,0.4,10058521.01375,10595896.60825,9484181.021026602,1947.5499375,1234.6745625,1634.9691811037087,383,64,319,16.710182767624023,0.6,0.85,4.0,200000,9484181.021026602,1634.9691811037087,64,0,8774263.172710506,1420.1115435360505,370,0
12,5000,30,0.5,10058521.01375,10251490.506874999,9243197.305745319,1947.5499375,1056.45571875,1489.1174385995987,383,95,288,24.804177545691907,0.6,0.85,4.0,200000,9243197.305745319,1489.1174385995987,95,0,8418996.900472356,1280.445834600839,373,0
12,5000,30,0.6,10058521.01375,9907084.4055,8977520.307665475,1947.5499375,878.236875,1369.7383232456123,383,111,272,28.98172323759791,0.6,0.85,4.0,200000,8977520.307665475,1369.7383232456123,111,0,8063321.175732647,1147.0250140210067,373,0
12,5000,30,0.7,10058521.01375,9562678.304125,8699810.06304853,1947.5499375,700.0180312500001,1247.3696165634456,383,126,257,32.89817232375979,0.6,0.85,4.0,200000,8699850.41194881,1249.8339991791838,125,0,7707636.068146737,1013.235539874959,374,0
12,5000,60,0.1,10058521.01375,11629114.912375,9997834.854681619,2517.087375,2281.9147875,2474.27500032542,383,7,376,1.8276762402088773,0.6,0.85,4.0,200000,9997834.854681619,2474.27500032542,7,0,9822662.328415409,2358.065727091132,305,0
12,5000,60,0.2,10058521.01375,11284708.811,9869415.430250386,2517.087375,2046.7422,2366.3532146629236,383,26,357,6.788511749347259,0.6,0.85,4.0,200000,9869415.430250386,2366.3532146629236,26,0,9482089.423635757,2171.712793464598,355,0
12,5000,60,0.3,10058521.01375,10940302.709625,9695054.964453585,2517.087375,1811.5696125,2241.691866369186,383,43,340,11.22715404699739,0.6,0.85,4.0,200000,9695054.964453585,2241.691866369186,43,0,9129068.607061977,1984.8943339680063,368,0
12,5000,60,0.4,10058521.01375,10595896.60825,9484181.021026602,2517.087375,1576.397025,2085.347662207417,383,64,319,16.710182767624023,0.6,0.85,4.0,200000,9484181.021026602,2085.347662207417,64,0,8774263.172710506,1803.1802270721007,370,0
12,5000,60,0.5,10058521.01375,10251490.506874999,9243197.305745319,2517.087375,1341.2244375,1888.5395271991974,383,95,288,24.804177545691907,0.6,0.85,4.0,200000,9243197.305745319,1888.5395271991974,95,0,8418996.900472356,1615.7357692016778,373,0
12,5000,60,0.6,10058521.01375,9907084.4055,8977520.307665475,2517.087375,1106.05185,1725.7227664912243,383,111,272,28.98172323759791,0.6,0.85,4.0,200000,8977520.307665475,1725.7227664912243,111,0,8063321.175732647,1435.4654480420131,373,0
12,5000,60,0.7,10058521.01375,9562678.304125,8699810.06304853,2517.087375,870.8792625000001,1557.865123126891,383,126,257,32.89817232375979,0.6,0.85,4.0,200000,8699850.41194881,1561.2677483583673,125,0,7707636.068146737,1254.777369749918,374,0
12,5000,120,0.1,10058521.01375,11629114.912375,9997834.854681619,3656.16225,3307.0821750000005,3587.7202706508406,383,7,376,1.8276762402088773,0.6,0.85,4.0,200000,9997834.854681619,3587.7202706508406,7,0,9822662.328415409,3410.8009041822647,305,0
12,5000,120,0.2,10058521.01375,11284708.811,9869415.430250386,3656.16225,2958.0021,3420.7927093258468,383,26,357,6.788511749347259,0.6,0.85,4.0,200000,9869415.430250386,3420.7927093258468,26,0,9482089.423635757,3127.9132269291963,355,0
12,5000,120,0.3,10058521.01375,10940302.709625,9695054.964453585,3656.16225,2608.922025,3228.308442738372,383,43,340,11.22715404699739,0.6,0.85,4.0,200000,9695054.964453585,3228.308442738372,43,0,9129068.607061977,2845.2435579360126,368,0
12,5000,120,0.4,10058521.01375,10595896.60825,9484181.021026602,3656.16225,2259.8419499999995,2986.1046244148347,383,64,319,16.710182767624023,0.6,0.85,4.0,200000,9484181.021026602,2986.1046244148347,64,0,8774263.172710506,2569.3175941442014,370,0
12,5000,120,0.5,10058521.01375,10251490.506874999,9243197.305745319,3656.16225,1910.761875,2687.3837043983945,383,95,288,24.804177545691907,0.6,0.85,4.0,200000,9243197.305745319,2687.3837043983945,95,0,8418996.900472356,2286.3156384033555,373,0
12,5000,120,0.6,10058521.01375,9907084.4055,8977520.307665475,3656.16225,1561.6818,2437.691652982449,383,111,272,28.98172323759791,0.6,0.85,4.0,200000,8977520.307665475,2437.691652982449,111,0,8063321.175732647,2012.3463160840265,373,0
12,5000,120,0.7,10058521.01375,9562678.304125,8699810.06304853,3656.16225,1212.601725,2178.856136253782,383,126,257,32.89817232375979,0.6,0.85,4.0,200000,8699850.41194881,2184.1352467167344,125,0,7707636.068146737,1737.861029499836,374,0
14,1250,30,0.1,10058521.01375,10303105.912375,9953426.70418583,1947.5499375,1769.33109375,1886.8531288287854,383,50,333,13.054830287206267,0.6,0.85,4.0,200000,9953426.70418583,1886.8531288287854,50,0,9811198.271919869,1832.4348290335215,342,0
14,1250,30,0.2,10058521.01375,10068940.811,9757581.992666632,1947.5499375,1591.11225,1780.2505324371398,383,112,271,29.242819843342037,0.6,0.85,4.0,200000,9757581.992666632,1780.2505324371398,112,0,9533093.593431568,1697.9812800383959,354,0
14,1250,30,0.3,10058521.01375,9834775.709625,9523159.438542217,1947.5499375,1412.89340625,1658.6636622314759,383,160,223,41.775456919060055,0.6,0.85,4.0,200000,9523159.438542217,1658.6636622314759,160,0,9254488.280513724,1572.164326635792,357,0
14,1250,30,0.4,10058521.01375,9600610.60825,9270517.875154868,1947.5499375,1234.6745625,1506.4450430718457,383,193,190,50.391644908616186,0.6,0.85,4.0,200000,9270517.875154868,1506.4450430718457,193,0,8975831.310200453,1446.1623720417113,358,0
14,1250,30,0.5,10058521.01375,9366445.506874999,9009158.219958859,1947.5499375,1056.45571875,1378.045612175045,383,218,165,56.91906005221932,0.6,0.85,4.0,200000,9009158.219958859,1378.045612175045,218,0,8697137.700680444,1320.8154806771392,358,0
14,1250,30,0.6,10058521.01375,9132280.4055,8743603.249042947,1947.5499375,878.236875,1256.673650900824,383,228,155,59.530026109660575,0.6,0.85,4.0,200000,8743603.249042947,1256.673650900824,228,0,8418444.091160437,1195.4685893125672,358,0
14,1250,30,0.7,10058521.01375,8898115.304125,8475632.719922643,1947.5499375,700.0180312500001,1129.728516514798,383,240,143,62.66318537859008,0.6,0.85,4.0,200000,8491527.302547876,1231.0595869741037,220,0,8139745.382656478,1065.2368255839285,359,0
14,1250,60,0.1,10058521.01375,10303105.912375,9953426.70418583,2517.087375,2281.9147875,2431.489627657571,383,50,333,13.054830287206267,0.6,0.85,4.0,200000,9953426.70418583,2431.489627657571,50,0,9811198.271919869,2358.9014380670433,342,0
14,1250,60,0.2,10058521.01375,10068940.811,9757581.992666632,2517.087375,2046.7422,2283.8601648742797,383,112,271,29.242819843342037,0.6,0.85,4.0,200000,9757581.992666632,2283.8601648742797,112,0,9533093.593431568,2177.0223800767917,354,0
14,1250,60,0.3,10058521.01375,9834775.709625,9523159.438542217,2517.087375,1811.5696125,2116.458494462951,383,160,223,41.775456919060055,0.6,0.85,4.0,200000,9523159.438542217,2116.458494462951,160,0,9254488.280513724,2005.7568932715837,357,0
14,1250,60,0.4,10058521.01375,9600610.60825,9270517.875154868,2517.087375,1576.397025,1912.0991461436913,383,193,190,50.391644908616186,0.6,0.85,4.0,200000,9270517.875154868,1912.0991461436913,193,0,8975831.310200453,1834.2754040834227,358,0
14,1250,60,0.5,10058521.01375,9366445.506874999,9009158.219958859,2517.087375,1341.2244375,1736.82337435009,383,218,165,56.91906005221932,0.6,0.85,4.0,200000,9009158.219958859,1736.82337435009,218,0,8697137.700680444,1663.5724113542783,358,0
14,1250,60,0.6,10058521.01375,9132280.4055,8743603.249042947,2517.087375,1106.05185,1570.785641801648,383,228,155,59.530026109660575,0.6,0.85,4.0,200000,8743603.249042947,1570.785641801648,228,0,8418444.091160437,1492.8694186251341,358,0
14,1250,60,0.7,10058521.01375,8898115.304125,8475632.719922643,2517.087375,870.8792625000001,1398.1953830295959,383,240,143,62.66318537859008,0.6,0.85,4.0,200000,8491527.302547876,1524.022303948207,220,0,8139745.382656478,1316.4291711678568,359,0
14,1250,120,0.1,10058521.01375,10303105.912375,9953426.70418583,3656.16225,3307.0821750000005,3520.762625315142,383,50,333,13.054830287206267,0.6,0.85,4.0,200000,9953426.70418583,3520.762625315142,50,0,9811198.271919869,3411.8346561340863,342,0
14,1250,120,0.2,10058521.01375,10068940.811,9757581.992666632,3656.16225,2958.0021,3291.0794297485595,383,112,271,29.242819843342037,0.6,0.85,4.0,200000,9757581.992666632,3291.0794297485595,112,0,9533093.593431568,3135.1045801535834,354,0
14,1250,120,0.3,10058521.01375,9834775.709625,9523159.438542217,3656.16225,2608.922025,3032.0481589259025,383,160,223,41.775456919060055,0.6,0.85,4.0,200000,9523159.438542217,3032.0481589259025,160,0,9254488.280513724,2872.9420265431672,357,0
14,1250,120,0.4,10058521.01375,9600610.60825,9270517.875154868,3656.16225,2259.8419499999995,2723.4073522873828,383,193,190,50.391644908616186,0.6,0.85,4.0,200000,9270517.875154868,2723.4073522873828,193,0,8975831.310200453,2610.5014681668454,358,0
14,1250,120,0.5,10058521.01375,9366445.506874999,9009158.219958859,3656.16225,1910.761875,2454.37889870018,383,218,165,56.91906005221932,0.6,0.85,4.0,200000,9009158.219958859,2454.37889870018,218,0,8697137.700680444,2349.0862727085564,358,0
14,1250,120,0.6,10058521.01375,9132280.4055,8743603.249042947,3656.16225,1561.6818,2199.009623603296,383,228,155,59.530026109660575,0.6,0.85,4.0,200000,8743603.249042947,2199.009623603296,228,0,8418444.091160437,2087.671077250268,358,0
14,1250,120,0.7,10058521.01375,8898115.304125,8475632.719922643,3656.16225,1212.601725,1935.1291160591918,383,240,143,62.66318537859008,0.6,0.85,4.0,200000,8491527.302547876,2109.9477378964143,220,0,8139745.382656478,1818.8138623357136,359,0
14,2500,30,0.1,10058521.01375,10781855.912375,9988950.090275384,1947.5499375,1769.33109375,1907.111633730033,383,19,364,4.960835509138382,0.6,0.85,4.0,200000,9988950.090275384,1907.111633730033,19,0,9839892.464900007,1835.4155570424612,321,0
14,2500,30,0.2,10058521.01375,10547690.811,9848332.394621661,1947.5499375,1591.11225,1826.156320157571,383,50,333,13.054830287206267,0.6,0.85,4.0,200000,9848332.394621661,1826.156320157571,50,0,9563875.530089736,1717.319720567043,342,0
14,2500,30,0.3,10058521.01375,10313525.709624998,9667657.374150638,1947.5499375,1412.89340625,1720.071346823626,383,86,297,22.45430809399478,0.6,0.85,4.0,200000,9667657.374150638,1720.071346823626,86,0,9286131.091406526,1580.8516810744404,351,0
14,2500,30,0.4,10058521.01375,10079360.60825,9456642.971583264,1947.5499375,1234.6745625,1612.9511273742798,383,112,271,29.242819843342037,0.6,0.85,4.0,200000,9456642.971583264,1612.9511273742798,112,0,9007666.173113137,1448.4126225767918,354,0
14,2500,30,0.5,10058521.01375,9845195.506874999,9229288.364725173,1947.5499375,1056.45571875,1488.4769857693004,383,140,243,36.55352480417755,0.6,0.85,4.0,200000,9229288.364725173,1488.4769857693004,140,0,8729094.03032878,1323.6282938459897,354,0
14,2500,30,0.6,10058521.01375,9611030.4055,8987797.863334432,1947.5499375,878.236875,1369.7773869629514,383,160,223,41.775456919060055,0.6,0.85,4.0,200000,8987797.863334432,1369.7773869629514,160,0,8450455.547277449,1196.7787157715838,357,0
14,2500,30,0.7,10058521.01375,9376865.304125,8738367.376136975,1947.5499375,700.0180312500001,1210.0598924624553,383,180,203,46.99738903394256,0.6,0.85,4.0,200000,8738471.331470557,1246.6129221389049,179,0,8171810.328697195,1071.650178816848,357,0
14,2500,60,0.1,10058521.01375,10781855.912375,9988950.090275384,2517.087375,2281.9147875,2459.486327460066,383,19,364,4.960835509138382,0.6,0.85,4.0,200000,9988950.090275384,2459.486327460066,19,0,9839892.464900007,2362.538264084922,321,0
14,2500,60,0.2,10058521.01375,10547690.811,9848332.394621661,2517.087375,2046.7422,2345.891880315142,383,50,333,13.054830287206267,0.6,0.85,4.0,200000,9848332.394621661,2345.891880315142,50,0,9563875.530089736,2200.715501134086,342,0
14,2500,60,0.3,10058521.01375,10313525.709624998,9667657.374150638,2517.087375,1811.5696125,2198.929713647252,383,86,297,22.45430809399478,0.6,0.85,4.0,200000,9667657.374150638,2198.929713647252,86,0,9286131.091406526,2016.0867621488808,351,0
14,2500,60,0.4,10058521.01375,10079360.60825,9456642.971583264,2517.087375,1576.397025,2050.6329547485593,383,112,271,29.242819843342037,0.6,0.85,4.0,200000,9456642.971583264,2050.6329547485593,112,0,9007666.173113137,1836.9573851535836,354,0
14,2500,60,0.5,10058521.01375,9845195.506874999,9229288.364725173,2517.087375,1341.2244375,1879.319371538601,383,140,243,36.55352480417755,0.6,0.85,4.0,200000,9229288.364725173,1879.319371538601,140,0,8729094.03032878,1666.9248876919796,354,0
14,2500,60,0.6,10058521.01375,9611030.4055,8987797.863334432,2517.087375,1106.05185,1715.8296139259028,383,160,223,41.775456919060055,0.6,0.85,4.0,200000,8987797.863334432,1715.8296139259028,160,0,8450455.547277449,1494.4264115431677,357,0
14,2500,60,0.7,10058521.01375,9376865.304125,8738367.376136975,2517.087375,870.8792625000001,1501.2498149249102,383,180,203,46.99738903394256,0.6,0.85,4.0,200000,8738471.331470557,1546.7968042778098,179,0,8171810.328697195,1323.9829176336955,357,0
14,2500,120,0.1,10058521.01375,10781855.912375,9988950.090275384,3656.16225,3307.0821750000005,3564.2357149201316,383,19,364,4.960835509138382,0.6,0.85,4.0,200000,9988950.090275384,3564.2357149201316,19,0,9839892.464900007,3416.7836781698443,321,0
14,2500,120,0.2,10058521.01375,10547690.811,9848332.394621661,3656.16225,2958.0021,3385.3630006302838,383,50,333,13.054830287206267,0.6,0.85,4.0,200000,9848332.394621661,3385.3630006302838,50,0,9563875.530089736,3167.5070622681724,342,0
14,2500,120,0.3,10058521.01375,10313525.709624998,9667657.374150638,3656.16225,2608.922025,3156.646447294504,383,86,297,22.45430809399478,0.6,0.85,4.0,200000,9667657.374150638,3156.646447294504,86,0,9286131.091406526,2886.5569242977617,351,0
14,2500,120,0.4,10058521.01375,10079360.60825,9456642.971583264,3656.16225,2259.8419499999995,2925.996609497119,383,112,271,29.242819843342037,0.6,0.85,4.0,200000,9456642.971583264,2925.996609497119,112,0,9007666.173113137,2614.0469103071673,354,0
14,2500,120,0.5,10058521.01375,9845195.506874999,9229288.364725173,3656.16225,1910.761875,2661.004143077202,383,140,243,36.55352480417755,0.6,0.85,4.0,200000,9229288.364725173,2661.004143077202,140,0,8729094.03032878,2353.518075383959,354,0
14,2500,120,0.6,10058521.01375,9611030.4055,8987797.863334432,3656.16225,1561.6818,2407.9340678518056,383,160,223,41.775456919060055,0.6,0.85,4.0,200000,8987797.863334432,2407.9340678518056,160,0,8450455.547277449,2089.7218030863355,357,0
14,2500,120,0.7,10058521.01375,9376865.304125,8738367.376136975,3656.16225,1212.601725,2083.62965984982,383,180,203,46.99738903394256,0.6,0.85,4.0,200000,8738471.331470557,2147.1645685556196,179,0,8171810.328697195,1828.6483952673912,357,0
14,5000,30,0.1,10058521.01375,11739355.912375,10012806.50583397,1947.5499375,1769.33109375,1921.6720722129119,383,6,377,1.566579634464752,0.6,0.85,4.0,200000,10012806.50583397,1921.6720722129119,6,0,9882581.631852252,1850.170910755477,263,0
14,5000,30,0.2,10058521.01375,11505190.811,9919379.166800769,1947.5499375,1591.11225,1866.673329960066,383,19,364,4.960835509138382,0.6,0.85,4.0,200000,9919379.166800769,1866.673329960066,19,0,9621263.916050013,1723.281176584922,321,0
14,5000,30,0.3,10058521.01375,11271025.709625,9791092.216890557,1947.5499375,1412.89340625,1797.0957886620479,383,31,352,8.093994778067884,0.6,0.85,4.0,200000,9791092.216890557,1797.0957886620479,31,0,9345963.58517767,1602.9322550254292,338,0
14,5000,30,0.4,10058521.01375,11036860.60825,9638143.775493322,1947.5499375,1234.6745625,1704.7627028151417,383,50,333,13.054830287206267,0.6,0.85,4.0,200000,9638143.775493322,1704.7627028151417,50,0,9069230.046429474,1487.0895036340864,342,0
14,5000,30,0.5,10058521.01375,10802695.506874999,9466354.301834224,1947.5499375,1056.45571875,1622.961668414362,383,60,323,15.66579634464752,0.6,0.85,4.0,200000,9466354.301834224,1622.961668414362,60,0,8791847.604940936,1364.7860589130653,347,0
14,5000,30,0.6,10058521.01375,10568530.4055,9276793.734551273,1947.5499375,878.236875,1492.5927561472522,383,86,297,22.45430809399478,0.6,0.85,4.0,200000,9276793.734551273,1492.5927561472522,86,0,8513741.169063054,1214.153424648881,351,0
14,5000,30,0.7,10058521.01375,10334365.304125,9070451.56791181,1947.5499375,700.0180312500001,1391.8198532638694,383,98,285,25.587467362924283,0.6,0.85,4.0,200000,9070451.56791181,1391.8198532638694,98,0,8235363.056646119,1074.8195881616546,353,0
14,5000,60,0.1,10058521.01375,11739355.912375,10012806.50583397,2517.087375,2281.9147875,2479.6722344258237,383,6,377,1.566579634464752,0.6,0.85,4.0,200000,10012806.50583397,2479.6722344258237,6,0,9882581.631852252,2381.132791510954,263,0
14,5000,60,0.2,10058521.01375,11505190.811,9919379.166800769,2517.087375,2046.7422,2401.8852799201313,383,19,364,4.960835509138382,0.6,0.85,4.0,200000,9919379.166800769,2401.8852799201313,19,0,9621263.916050013,2207.989153169844,321,0
14,5000,60,0.3,10058521.01375,11271025.709625,9791092.216890557,2517.087375,1811.5696125,2304.226707324095,383,31,352,8.093994778067884,0.6,0.85,4.0,200000,9791092.216890557,2304.226707324095,31,0,9345963.58517767,2043.4109800508581,338,0
14,5000,60,0.4,10058521.01375,11036860.60825,9638143.775493322,2517.087375,1576.397025,2174.6963856302837,383,50,333,13.054830287206267,0.6,0.85,4.0,200000,9638143.775493322,2174.6963856302837,50,0,9069230.046429474,1884.3436272681724,342,0
14,5000,60,0.5,10058521.01375,10802695.506874999,9466354.301834224,2517.087375,1341.2244375,2060.3046868287242,383,60,323,15.66579634464752,0.6,0.85,4.0,200000,9466354.301834224,2060.3046868287242,60,0,8791847.604940936,1717.4691178261305,347,0
14,5000,60,0.6,10058521.01375,10568530.4055,9276793.734551273,2517.087375,1106.05185,1880.7720522945042,383,86,297,22.45430809399478,0.6,0.85,4.0,200000,9276793.734551273,1880.7720522945042,86,0,8513741.169063054,1515.0861492977617,351,0
14,5000,60,0.7,10058521.01375,10334365.304125,9070451.56791181,2517.087375,870.8792625000001,1741.4026465277386,383,98,285,25.587467362924283,0.6,0.85,4.0,200000,9070451.56791181,1741.4026465277386,98,0,8235363.056646119,1327.765336323309,353,0
14,5000,120,0.1,10058521.01375,11739355.912375,10012806.50583397,3656.16225,3307.0821750000005,3595.6725588516474,383,6,377,1.566579634464752,0.6,0.85,4.0,200000,10012806.50583397,3595.6725588516474,6,0,9882581.631852252,3443.0565530219087,263,0
14,5000,120,0.2,10058521.01375,11505190.811,9919379.166800769,3656.16225,2958.0021,3472.3091798402634,383,19,364,4.960835509138382,0.6,0.85,4.0,200000,9919379.166800769,3472.3091798402634,19,0,9621263.916050013,3177.4051063396882,321,0
14,5000,120,0.3,10058521.01375,11271025.709625,9791092.216890557,3656.16225,2608.922025,3318.4885446481903,383,31,352,8.093994778067884,0.6,0.85,4.0,200000,9791092.216890557,3318.4885446481903,31,0,9345963.58517767,2924.368430101716,338,0
14,5000,120,0.4,10058521.01375,11036860.60825,9638143.775493322,3656.16225,2259.8419499999995,3114.5637512605676,383,50,333,13.054830287206267,0.6,0.85,4.0,200000,9638143.775493322,3114.5637512605676,50,0,9069230.046429474,2678.851874536345,342,0
14,5000,120,0.5,10058521.01375,10802695.506874999,9466354.301834224,3656.16225,1910.761875,2934.990723657448,383,60,323,15.66579634464752,0.6,0.85,4.0,200000,9466354.301834224,2934.990723657448,60,0,8791847.604940936,2422.835235652261,347,0
14,5000,120,0.6,10058521.01375,10568530.4055,9276793.734551273,3656.16225,1561.6818,2657.130644589008,383,86,297,22.45430809399478,0.6,0.85,4.0,200000,9276793.734551273,2657.130644589008,86,0,8513741.169063054,2116.9515985955236,351,0
14,5000,120,0.7,10058521.01375,10334365.304125,9070451.56791181,3656.16225,1212.601725,2440.568233055477,383,98,285,25.587467362924283,0.6,0.85,4.0,200000,9070451.56791181,2440.568233055477,98,0,8235363.056646119,1833.6568326466179,353,0
16,1250,30,0.1,10058521.01375,10413346.912375,9982322.523064855,1947.5499375,1769.33109375,1899.200670560559,383,34,349,8.877284595300262,0.6,0.85,4.0,200000,9982322.523064855,1899.200670560559,34,0,9872790.865183102,1848.0882858798477,295,0
16,1250,30,0.2,10058521.01375,10289422.811,9839132.06025864,1947.5499375,1591.11225,1811.723641259312,383,82,301,21.409921671018278,0.6,0.85,4.0,200000,9839132.06025864,1811.723641259312,82,0,9660202.93516253,1745.298066351154,305,0
16,1250,30,0.3,10058521.01375,10165498.709625,9665499.133332025,1947.5499375,1412.89340625,1710.2595613463166,383,126,257,32.89817232375979,0.6,0.85,4.0,200000,9665499.133332025,1710.2595613463166,126,0,9447323.683543704,1642.5657753522796,309,0
16,1250,30,0.4,10058521.01375,10041574.60825,9476171.08829268,1947.5499375,1234.6745625,1608.2929792579441,383,155,228,40.469973890339425,0.6,0.85,4.0,200000,9476171.08829268,1608.2929792579441,155,0,9234360.32254952,1539.356244712236,311,0
16,1250,30,0.5,10058521.01375,9917650.506874999,9279619.89124535,1947.5499375,1056.45571875,1504.7864598817443,383,175,208,45.69190600522193,0.6,0.85,4.0,200000,9279619.89124535,1504.7864598817443,175,0,9021339.989433853,1437.1420216453942,312,0
16,1250,30,0.6,10058521.01375,9793726.4055,9078839.00854294,1947.5499375,878.236875,1402.7971290851092,383,192,191,50.130548302872064,0.6,0.85,4.0,200000,9078839.00854294,1402.7971290851092,192,0,8808314.009362577,1334.4932302653467,313,0
16,1250,30,0.7,10058521.01375,9669802.304125,8875358.303187886,1947.5499375,700.0180312500001,1309.2699442975334,383,195,188,50.91383812010444,0.6,0.85,4.0,200000,8875358.303187886,1309.2699442975334,195,0,8595282.661784085,1232.3171123929046,313,0
16,1250,60,0.1,10058521.01375,10413346.912375,9982322.523064855,2517.087375,2281.9147875,2448.0151211211178,383,34,349,8.877284595300262,0.6,0.85,4.0,200000,9982322.523064855,2448.0151211211178,34,0,9872790.865183102,2378.8259917596956,295,0
16,1250,60,0.2,10058521.01375,10289422.811,9839132.06025864,2517.087375,2046.7422,2325.610482518624,383,82,301,21.409921671018278,0.6,0.85,4.0,200000,9839132.06025864,2325.610482518624,82,0,9660202.93516253,2236.440112702308,305,0
16,1250,60,0.3,10058521.01375,10165498.709625,9665499.133332025,2517.087375,1811.5696125,2183.8307726926328,383,126,257,32.89817232375979,0.6,0.85,4.0,200000,9665499.133332025,2183.8307726926328,126,0,9447323.683543704,2094.095730704559,309,0
16,1250,60,0.4,10058521.01375,10041574.60825,9476171.08829268,2517.087375,1576.397025,2041.676578515888,383,155,228,40.469973890339425,0.6,0.85,4.0,200000,9476171.08829268,2041.676578515888,155,0,9234360.32254952,1951.2144294244722,311,0
16,1250,60,0.5,10058521.01375,9917650.506874999,9279619.89124535,2517.087375,1341.2244375,1897.7026697634885,383,175,208,45.69190600522193,0.6,0.85,4.0,200000,9279619.89124535,1897.7026697634885,175,0,9021339.989433853,1809.5416432907882,312,0
16,1250,60,0.6,10058521.01375,9793726.4055,9078839.00854294,2517.087375,1106.05185,1755.8690581702183,383,192,191,50.130548302872064,0.6,0.85,4.0,200000,9078839.00854294,1755.8690581702183,192,0,8808314.009362577,1667.3350005306934,313,0
16,1250,60,0.7,10058521.01375,9669802.304125,8875358.303187886,2517.087375,870.8792625000001,1625.3649185950662,383,195,188,50.91383812010444,0.6,0.85,4.0,200000,8875358.303187886,1625.3649185950662,195,0,8595282.661784085,1525.709604785809,313,0
16,1250,120,0.1,10058521.01375,10413346.912375,9982322.523064855,3656.16225,3307.0821750000005,3545.644022242236,383,34,349,8.877284595300262,0.6,0.85,4.0,200000,9982322.523064855,3545.644022242236,34,0,9872790.865183102,3440.3014035193914,295,0
16,1250,120,0.2,10058521.01375,10289422.811,9839132.06025864,3656.16225,2958.0021,3353.384165037248,383,82,301,21.409921671018278,0.6,0.85,4.0,200000,9839132.06025864,3353.384165037248,82,0,9660202.93516253,3218.724205404615,305,0
16,1250,120,0.3,10058521.01375,10165498.709625,9665499.133332025,3656.16225,2608.922025,3130.973195385266,383,126,257,32.89817232375979,0.6,0.85,4.0,200000,9665499.133332025,3130.973195385266,126,0,9447323.683543704,2997.1556414091183,309,0
16,1250,120,0.4,10058521.01375,10041574.60825,9476171.08829268,3656.16225,2259.8419499999995,2908.443777031776,383,155,228,40.469973890339425,0.6,0.85,4.0,200000,9476171.08829268,2908.443777031776,155,0,9234360.32254952,2774.9307988489445,311,0
16,1250,120,0.5,10058521.01375,9917650.506874999,9279619.89124535,3656.16225,1910.761875,2683.535089526977,383,175,208,45.69190600522193,0.6,0.85,4.0,200000,9279619.89124535,2683.535089526977,175,0,9021339.989433853,2554.3408865815763,312,0
16,1250,120,0.6,10058521.01375,9793726.4055,9078839.00854294,3656.16225,1561.6818,2462.0129163404367,383,192,191,50.130548302872064,0.6,0.85,4.0,200000,9078839.00854294,2462.0129163404367,192,0,8808314.009362577,2333.0185410613867,313,0
16,1250,120,0.7,10058521.01375,9669802.304125,8875358.303187886,3656.16225,1212.601725,2257.5548671901324,383,195,188,50.91383812010444,0.6,0.85,4.0,200000,8875358.303187886,2257.5548671901324,195,0,8595282.661784085,2112.4945895716187,313,0
16,2500,30,0.1,10058521.01375,10892096.912375,10007897.81101178,1947.5499375,1769.33109375,1915.9365131360096,383,13,370,3.3942558746736293,0.6,0.85,4.0,200000,10007897.81101178,1915.9365131360096,13,0,9896729.866762817,1858.3222199630886,264,0
16,2500,30,0.2,10058521.01375,10768172.811,9906124.032379711,1947.5499375,1591.11225,1850.8514036211182,383,34,349,8.877284595300262,0.6,0.85,4.0,200000,9906124.032379711,1850.8514036211182,34,0,9687060.716616204,1748.6266342596957,295,0
16,2500,30,0.3,10058521.01375,10644248.709625,9771990.949965483,1947.5499375,1412.89340625,1765.6743694620413,383,59,324,15.404699738903394,0.6,0.85,4.0,200000,9771990.949965483,1765.6743694620413,59,0,9474559.226349246,1646.6575564629356,301,0
16,2500,30,0.4,10058521.01375,10520324.60825,9619743.10676728,1947.5499375,1234.6745625,1675.897345018624,383,82,301,21.409921671018278,0.6,0.85,4.0,200000,9619743.10676728,1675.897345018624,82,0,9261884.856575057,1543.0461952023077,305,0
16,2500,30,0.5,10058521.01375,10396400.506874999,9452053.792078128,1947.5499375,1056.45571875,1576.7930749924108,383,104,279,27.154046997389035,0.6,0.85,4.0,200000,9452053.792078128,1576.7930749924108,104,0,9049039.140301874,1440.0259616389067,308,0
16,2500,30,0.6,10058521.01375,10272476.4055,9272477.252914052,1947.5499375,878.236875,1472.9691851926332,383,126,257,32.89817232375979,0.6,0.85,4.0,200000,9272477.252914052,1472.9691851926332,126,0,8836126.353337413,1337.5816132045593,309,0
16,2500,30,0.7,10058521.01375,10148552.304125,9086293.893597554,1947.5499375,700.0180312500001,1369.7703231805049,383,142,241,37.0757180156658,0.6,0.85,4.0,200000,9086293.893597554,1369.7703231805049,142,0,8623211.639057389,1235.920225821986,309,0
16,2500,60,0.1,10058521.01375,10892096.912375,10007897.81101178,2517.087375,2281.9147875,2471.2288662720193,383,13,370,3.3942558746736293,0.6,0.85,4.0,200000,10007897.81101178,2471.2288662720193,13,0,9896729.866762817,2391.504759926177,264,0
16,2500,60,0.2,10058521.01375,10768172.811,9906124.032379711,2517.087375,2046.7422,2378.942867242236,383,34,349,8.877284595300262,0.6,0.85,4.0,200000,9906124.032379711,2378.942867242236,34,0,9687060.716616204,2240.564608519391,295,0
16,2500,60,0.3,10058521.01375,10644248.709625,9771990.949965483,2517.087375,1811.5696125,2259.7523289240826,383,59,324,15.404699738903394,0.6,0.85,4.0,200000,9771990.949965483,2259.7523289240826,59,0,9474559.226349246,2099.193462925871,301,0
16,2500,60,0.4,10058521.01375,10520324.60825,9619743.10676728,2517.087375,1576.397025,2134.1335900372483,383,82,301,21.409921671018278,0.6,0.85,4.0,200000,9619743.10676728,2134.1335900372483,82,0,9261884.856575057,1955.7928504046154,305,0
16,2500,60,0.5,10058521.01375,10396400.506874999,9452053.792078128,2517.087375,1341.2244375,1995.666599984822,383,104,279,27.154046997389035,0.6,0.85,4.0,200000,9452053.792078128,1995.666599984822,104,0,9049039.140301874,1813.0688232778132,308,0
16,2500,60,0.6,10058521.01375,10272476.4055,9272477.252914052,2517.087375,1106.05185,1850.5741703852661,383,126,257,32.89817232375979,0.6,0.85,4.0,200000,9272477.252914052,1850.5741703852661,126,0,8836126.353337413,1671.1040864091183,309,0
16,2500,60,0.7,10058521.01375,10148552.304125,9086293.893597554,2517.087375,870.8792625000001,1707.1488063610093,383,142,241,37.0757180156658,0.6,0.85,4.0,200000,9086293.893597554,1707.1488063610093,142,0,8623211.639057389,1530.1068716439713,309,0
16,2500,120,0.1,10058521.01375,10892096.912375,10007897.81101178,3656.16225,3307.0821750000005,3581.813572544039,383,13,370,3.3942558746736293,0.6,0.85,4.0,200000,10007897.81101178,3581.813572544039,13,0,9896729.866762817,3457.8698398523543,264,0
16,2500,120,0.2,10058521.01375,10768172.811,9906124.032379711,3656.16225,2958.0021,3435.125794484472,383,34,349,8.877284595300262,0.6,0.85,4.0,200000,9906124.032379711,3435.125794484472,34,0,9687060.716616204,3224.4405570387826,295,0
16,2500,120,0.3,10058521.01375,10644248.709625,9771990.949965483,3656.16225,2608.922025,3247.9082478481655,383,59,324,15.404699738903394,0.6,0.85,4.0,200000,9771990.949965483,3247.9082478481655,59,0,9474559.226349246,3004.265275851742,301,0
16,2500,120,0.4,10058521.01375,10520324.60825,9619743.10676728,3656.16225,2259.8419499999995,3050.6060800744963,383,82,301,21.409921671018278,0.6,0.85,4.0,200000,9619743.10676728,3050.6060800744963,82,0,9261884.856575057,2781.2861608092308,305,0
16,2500,120,0.5,10058521.01375,10396400.506874999,9452053.792078128,3656.16225,1910.761875,2833.4136499696433,383,104,279,27.154046997389035,0.6,0.85,4.0,200000,9452053.792078128,2833.4136499696433,104,0,9049039.140301874,2559.154546555627,308,0
16,2500,120,0.6,10058521.01375,10272476.4055,9272477.252914052,3656.16225,1561.6818,2605.7841407705328,383,126,257,32.89817232375979,0.6,0.85,4.0,200000,9272477.252914052,2605.7841407705328,126,0,8836126.353337413,2338.1490328182367,309,0
16,2500,120,0.7,10058521.01375,10148552.304125,9086293.893597554,3656.16225,1212.601725,2381.905772722019,383,142,241,37.0757180156658,0.6,0.85,4.0,200000,9086293.893597554,2381.905772722019,142,0,8623211.639057389,2118.4801632879426,309,0
16,5000,30,0.1,10058521.01375,11849596.912375,10024600.552113496,1947.5499375,1769.33109375,1927.3842915711568,383,5,378,1.3054830287206267,0.6,0.85,4.0,200000,10024600.552113496,1927.3842915711568,5,0,9928916.657905001,1866.522258732675,208,0
16,5000,30,0.2,10058521.01375,11725672.811,9957274.608273558,1947.5499375,1591.11225,1884.3230887720194,383,13,370,3.3942558746736293,0.6,0.85,4.0,200000,9957274.608273558,1884.3230887720194,13,0,9734938.719775634,1769.0945024261773,264,0
16,5000,30,0.3,10058521.01375,11601748.709624998,9864592.711545622,1947.5499375,1412.89340625,1820.597569855339,383,23,360,6.005221932114883,0.6,0.85,4.0,200000,9864592.711545622,1820.597569855339,23,0,9527374.728253724,1653.3678813766512,286,0
16,5000,30,0.4,10058521.01375,11477824.60825,9753727.05100942,1947.5499375,1234.6745625,1754.1528697422361,383,34,349,8.877284595300262,0.6,0.85,4.0,200000,9753727.05100942,1754.1528697422361,34,0,9315600.419482408,1549.7033310193915,295,0
16,5000,30,0.5,10058521.01375,11353900.506874999,9624933.949120697,1947.5499375,1056.45571875,1667.7454004032024,383,49,334,12.793733681462141,0.6,0.85,4.0,200000,9624933.949120697,1667.7454004032024,49,0,9103142.975181522,1446.0626357715594,301,0
16,5000,30,0.6,10058521.01375,11229976.4055,9485460.886180967,1947.5499375,878.236875,1583.7988014240827,383,59,324,15.404699738903394,0.6,0.85,4.0,200000,9485460.886180967,1583.7988014240827,59,0,8890597.438948493,1345.7651754258711,301,0
16,5000,30,0.7,10058521.01375,11106052.304125,9337316.684791584,1947.5499375,700.0180312500001,1499.9992319942787,383,70,313,18.276762402088774,0.6,0.85,4.0,200000,9337316.684791584,1499.9992319942787,70,0,8678051.902715465,1245.467715080183,301,0
16,5000,60,0.1,10058521.01375,11849596.912375,10024600.552113496,2517.087375,2281.9147875,2487.401993142313,383,5,378,1.3054830287206267,0.6,0.85,4.0,200000,10024600.552113496,2487.401993142313,5,0,9928916.657905001,2402.31793746535,208,0
16,5000,60,0.2,10058521.01375,11725672.811,9957274.608273558,2517.087375,2046.7422,2425.3703575440386,383,13,370,3.3942558746736293,0.6,0.85,4.0,200000,9957274.608273558,2425.3703575440386,13,0,9734938.719775634,2265.922144852354,264,0
16,5000,60,0.3,10058521.01375,11601748.709624998,9864592.711545622,2517.087375,1811.5696125,2334.955329710678,383,23,360,6.005221932114883,0.6,0.85,4.0,200000,9864592.711545622,2334.955329710678,23,0,9527374.728253724,2107.6228627533023,286,0
16,5000,60,0.4,10058521.01375,11477824.60825,9753727.05100942,2517.087375,1576.397025,2240.798359484472,383,34,349,8.877284595300262,0.6,0.85,4.0,200000,9753727.05100942,2240.798359484472,34,0,9315600.419482408,1964.0418420387828,295,0
16,5000,60,0.5,10058521.01375,11353900.506874999,9624933.949120697,2517.087375,1341.2244375,2119.2410008064053,383,49,334,12.793733681462141,0.6,0.85,4.0,200000,9624933.949120697,2119.2410008064053,49,0,9103142.975181522,1820.5975215431183,301,0
16,5000,60,0.6,10058521.01375,11229976.4055,9485460.886180967,2517.087375,1106.05185,2002.4172828481658,383,59,324,15.404699738903394,0.6,0.85,4.0,200000,9485460.886180967,2002.4172828481658,59,0,8890597.438948493,1681.299550851742,301,0
16,5000,60,0.7,10058521.01375,11106052.304125,9337316.684791584,2517.087375,870.8792625000001,1884.5089939885572,383,70,313,18.276762402088774,0.6,0.85,4.0,200000,9337316.684791584,1884.5089939885572,70,0,8678051.902715465,1542.0015801603658,301,0
16,5000,120,0.1,10058521.01375,11849596.912375,10024600.552113496,3656.16225,3307.0821750000005,3607.4373962846266,383,5,378,1.3054830287206267,0.6,0.85,4.0,200000,10024600.552113496,3607.4373962846266,5,0,9928916.657905001,3473.9092949307005,208,0
16,5000,120,0.2,10058521.01375,11725672.811,9957274.608273558,3656.16225,2958.0021,3507.4648950880774,383,13,370,3.3942558746736293,0.6,0.85,4.0,200000,9957274.608273558,3507.4648950880774,13,0,9734938.719775634,3259.577429704709,264,0
16,5000,120,0.3,10058521.01375,11601748.709624998,9864592.711545622,3656.16225,2608.922025,3363.6708494213563,383,23,360,6.005221932114883,0.6,0.85,4.0,200000,9864592.711545622,3363.6708494213563,23,0,9527374.728253724,3016.132825506604,286,0
16,5000,120,0.4,10058521.01375,11477824.60825,9753727.05100942,3656.16225,2259.8419499999995,3214.089338968944,383,34,349,8.877284595300262,0.6,0.85,4.0,200000,9753727.05100942,3214.089338968944,34,0,9315600.419482408,2792.7188640775657,295,0
16,5000,120,0.5,10058521.01375,11353900.506874999,9624933.949120697,3656.16225,1910.761875,3022.2322016128105,383,49,334,12.793733681462141,0.6,0.85,4.0,200000,9624933.949120697,3022.2322016128105,49,0,9103142.975181522,2569.667293086237,301,0
16,5000,120,0.6,10058521.01375,11229976.4055,9485460.886180967,3656.16225,1561.6818,2839.654245696332,383,59,324,15.404699738903394,0.6,0.85,4.0,200000,9485460.886180967,2839.654245696332,59,0,8890597.438948493,2352.368301703484,301,0
16,5000,120,0.7,10058521.01375,11106052.304125,9337316.684791584,3656.16225,1212.601725,2653.5285179771145,383,70,313,18.276762402088774,0.6,0.85,4.0,200000,9337316.684791584,2653.5285179771145,70,0,8678051.902715465,2135.069310320732,301,0
18,1250,30,0.1,10058521.01375,10523587.912375,10002793.888353793,1947.5499375,1769.33109375,1913.367131019611,383,26,357,6.788511749347259,0.6,0.85,4.0,200000,10002793.888353793,1913.367131019611,26,0,9921650.84977003,1871.9624940821545,249,0
18,1250,30,0.2,10058521.01375,10509904.811,9899943.104903234,1947.5499375,1591.11225,1855.9240269288487,383,57,326,14.882506527415144,0.6,0.85,4.0,200000,9899943.104903234,1855.9240269288487,57,0,9762663.44092893,1778.5478631941382,262,0
18,1250,30,0.3,10058521.01375,10496221.709624998,9777442.015064375,1947.5499375,1412.89340625,1783.3560569819465,383,86,297,22.45430809399478,0.6,0.85,4.0,200000,9777442.015064375,1783.3560569819465,86,0,9602962.040259983,1692.5594839519554,265,0
18,1250,30,0.4,10058521.01375,10482538.60825,9639969.900421815,1947.5499375,1234.6745625,1676.0035952404414,383,120,263,31.33159268929504,0.6,0.85,4.0,200000,9639969.900421815,1676.0035952404414,120,0,9443146.47148306,1606.2002151703084,267,0
18,1250,30,0.5,10058521.01375,10468855.506874999,9495188.812100304,1947.5499375,1056.45571875,1593.541504705026,383,137,246,35.77023498694517,0.6,0.85,4.0,200000,9495188.812100304,1593.541504705026,137,0,9283311.166379793,1520.8627845878857,267,0
18,1250,30,0.6,10058521.01375,10455172.4055,9346873.01343478,1947.5499375,878.236875,1510.5000433015528,383,150,233,39.1644908616188,0.6,0.85,4.0,200000,9346873.01343478,1510.5000433015528,150,0,9123475.861276526,1435.5253540054628,267,0
18,1250,30,0.7,10058521.01375,10441489.304125,9195970.54290655,1947.5499375,700.0180312500001,1425.851724454133,383,161,222,42.03655352480418,0.6,0.85,4.0,200000,9195970.54290655,1425.851724454133,161,0,8963624.415431984,1345.5531193661293,268,0
18,1250,60,0.1,10058521.01375,10523587.912375,10002793.888353793,2517.087375,2281.9147875,2466.935672039222,383,26,357,6.788511749347259,0.6,0.85,4.0,200000,10002793.888353793,2466.935672039222,26,0,9921650.84977003,2409.745838164309,249,0
18,1250,60,0.2,10058521.01375,10509904.811,9899943.104903234,2517.087375,2046.7422,2383.759493857697,383,57,326,14.882506527415144,0.6,0.85,4.0,200000,9899943.104903234,2383.759493857697,57,0,9762663.44092893,2279.2087463882767,262,0
18,1250,60,0.3,10058521.01375,10496221.709624998,9777442.015064375,2517.087375,1811.5696125,2281.522013963893,383,86,297,22.45430809399478,0.6,0.85,4.0,200000,9777442.015064375,2281.522013963893,86,0,9602962.040259983,2158.4484279039107,265,0
18,1250,60,0.4,10058521.01375,10482538.60825,9639969.900421815,2517.087375,1576.397025,2131.1653304808824,383,120,263,31.33159268929504,0.6,0.85,4.0,200000,9639969.900421815,2131.1653304808824,120,0,9443146.47148306,2037.165890340617,267,0
18,1250,60,0.5,10058521.01375,10468855.506874999,9495188.812100304,2517.087375,1341.2244375,2014.7292594100522,383,137,246,35.77023498694517,0.6,0.85,4.0,200000,9495188.812100304,2014.7292594100522,137,0,9283311.166379793,1917.185519175771,267,0
18,1250,60,0.6,10058521.01375,10455172.4055,9346873.01343478,2517.087375,1106.05185,1897.3812866031055,383,150,233,39.1644908616188,0.6,0.85,4.0,200000,9346873.01343478,1897.3812866031055,150,0,9123475.861276526,1797.2051480109255,267,0
18,1250,60,0.7,10058521.01375,10441489.304125,9195970.54290655,2517.087375,870.8792625000001,1777.890998908266,383,161,222,42.03655352480418,0.6,0.85,4.0,200000,9195970.54290655,1777.890998908266,161,0,8963624.415431984,1671.1545187322586,268,0
18,1250,120,0.1,10058521.01375,10523587.912375,10002793.888353793,3656.16225,3307.0821750000005,3574.0727540784437,383,26,357,6.788511749347259,0.6,0.85,4.0,200000,10002793.888353793,3574.0727540784437,26,0,9921650.84977003,3485.312526328618,249,0
18,1250,120,0.2,10058521.01375,10509904.811,9899943.104903234,3656.16225,2958.0021,3439.4304277153947,383,57,326,14.882506527415144,0.6,0.85,4.0,200000,9899943.104903234,3439.4304277153947,57,0,9762663.44092893,3280.5305127765528,262,0
18,1250,120,0.3,10058521.01375,10496221.709624998,9777442.015064375,3656.16225,2608.922025,3277.853927927786,383,86,297,22.45430809399478,0.6,0.85,4.0,200000,9777442.015064375,3277.853927927786,86,0,9602962.040259983,3090.2263158078213,265,0
18,1250,120,0.4,10058521.01375,10482538.60825,9639969.900421815,3656.16225,2259.8419499999995,3041.488800961765,383,120,263,31.33159268929504,0.6,0.85,4.0,200000,9639969.900421815,3041.488800961765,120,0,9443146.47148306,2899.097240681234,267,0
18,1250,120,0.5,10058521.01375,10468855.506874999,9495188.812100304,3656.16225,1910.761875,2857.1047688201047,383,137,246,35.77023498694517,0.6,0.85,4.0,200000,9495188.812100304,2857.1047688201047,137,0,9283311.166379793,2709.8309883515426,267,0
18,1250,120,0.6,10058521.01375,10455172.4055,9346873.01343478,3656.16225,1561.6818,2671.1437732062113,383,150,233,39.1644908616188,0.6,0.85,4.0,200000,9346873.01343478,2671.1437732062113,150,0,9123475.861276526,2520.5647360218513,267,0
18,1250,120,0.7,10058521.01375,10441489.304125,9195970.54290655,3656.16225,1212.601725,2481.9695478165318,383,161,222,42.03655352480418,0.6,0.85,4.0,200000,9195970.54290655,2481.9695478165318,161,0,8963624.415431984,2322.357317464517,268,0
18,2500,30,0.1,10058521.01375,11002337.912375,10020780.82415897,1947.5499375,1769.33109375,1924.9897207743402,383,8,375,2.088772845953003,0.6,0.85,4.0,200000,10020780.82415897,1924.9897207743402,8,0,9939476.758156903,1878.3518015693185,209,0
18,2500,30,0.2,10058521.01375,10988654.811,9947066.762957588,1947.5499375,1591.11225,1879.1843245392217,383,26,357,6.788511749347259,0.6,0.85,4.0,200000,9947066.762957588,1879.1843245392217,26,0,9784780.68579006,1796.375050664309,249,0
18,2500,30,0.3,10058521.01375,10974971.709625,9851254.997124584,1947.5499375,1412.89340625,1821.3375412906785,383,44,339,11.488250652741515,0.6,0.85,4.0,200000,9851254.997124584,1821.3375412906785,44,0,9626325.986294752,1700.686276967312,256,0
18,2500,30,0.4,10058521.01375,10961288.60825,9741365.196056468,1947.5499375,1234.6745625,1764.2981163576972,383,57,326,14.882506527415144,0.6,0.85,4.0,200000,9741365.196056468,1764.2981163576972,57,0,9466805.86810786,1609.5457888882765,262,0
18,2500,30,0.5,10058521.01375,10947605.506874999,9622812.094529124,1947.5499375,1056.45571875,1693.9597299632107,383,72,311,18.798955613577025,0.6,0.85,4.0,200000,9622812.094529124,1693.9597299632107,72,0,9307123.844903626,1523.649719571296,264,0
18,2500,30,0.6,10058521.01375,10933922.4055,9496363.016378753,1947.5499375,878.236875,1619.162176463893,383,86,297,22.45430809399478,0.6,0.85,4.0,200000,9496363.016378753,1619.162176463893,86,0,9147403.066769967,1437.5690304039106,265,0
18,2500,30,0.7,10058521.01375,10920239.304125,9362047.1300197,1947.5499375,700.0180312500001,1492.2794587145456,383,108,275,28.198433420365536,0.6,0.85,4.0,200000,9362047.1300197,1492.2794587145456,108,0,8987607.234319387,1350.18792342304,267,0
18,2500,60,0.1,10058521.01375,11002337.912375,10020780.82415897,2517.087375,2281.9147875,2483.8172415486806,383,8,375,2.088772845953003,0.6,0.85,4.0,200000,10020780.82415897,2483.8172415486806,8,0,9939476.758156903,2418.015553138637,209,0
18,2500,60,0.2,10058521.01375,10988654.811,9947066.762957588,2517.087375,2046.7422,2416.7839690784435,383,26,357,6.788511749347259,0.6,0.85,4.0,200000,9947066.762957588,2416.7839690784435,26,0,9784780.68579006,2302.4043013286177,249,0
18,2500,60,0.3,10058521.01375,10974971.709625,9851254.997124584,2517.087375,1811.5696125,2332.7838225813575,383,44,339,11.488250652741515,0.6,0.85,4.0,200000,9851254.997124584,2332.7838225813575,44,0,9626325.986294752,2168.1303939346244,256,0
18,2500,60,0.4,10058521.01375,10961288.60825,9741365.196056468,2517.087375,1576.397025,2250.4316127153943,383,57,326,14.882506527415144,0.6,0.85,4.0,200000,9741365.196056468,2250.4316127153943,57,0,9466805.86810786,2041.330117776553,262,0
18,2500,60,0.5,10058521.01375,10947605.506874999,9622812.094529124,2517.087375,1341.2244375,2151.5798099264216,383,72,311,18.798955613577025,0.6,0.85,4.0,200000,9622812.094529124,2151.5798099264216,72,0,9307123.844903626,1920.7342891425917,264,0
18,2500,60,0.6,10058521.01375,10933922.4055,9496363.016378753,2517.087375,1106.05185,2045.956652927786,383,86,297,22.45430809399478,0.6,0.85,4.0,200000,9496363.016378753,2045.956652927786,86,0,9147403.066769967,1799.8094808078215,265,0
18,2500,60,0.7,10058521.01375,10920239.304125,9362047.1300197,2517.087375,870.8792625000001,1868.6767474290914,383,108,275,28.198433420365536,0.6,0.85,4.0,200000,9362047.1300197,1868.6767474290914,108,0,8987607.234319387,1677.2247768460797,267,0
18,2500,120,0.1,10058521.01375,11002337.912375,10020780.82415897,3656.16225,3307.0821750000005,3601.472283097361,383,8,375,2.088772845953003,0.6,0.85,4.0,200000,10020780.82415897,3601.472283097361,8,0,9939476.758156903,3497.3430562772737,209,0
18,2500,120,0.2,10058521.01375,10988654.811,9947066.762957588,3656.16225,2958.0021,3491.983258156887,383,26,357,6.788511749347259,0.6,0.85,4.0,200000,9947066.762957588,3491.983258156887,26,0,9784780.68579006,3314.4628026572354,249,0
18,2500,120,0.3,10058521.01375,10974971.709625,9851254.997124584,3656.16225,2608.922025,3355.6763851627143,383,44,339,11.488250652741515,0.6,0.85,4.0,200000,9851254.997124584,3355.6763851627143,44,0,9626325.986294752,3103.0186278692486,256,0
18,2500,120,0.4,10058521.01375,10961288.60825,9741365.196056468,3656.16225,2259.8419499999995,3222.698605430789,383,57,326,14.882506527415144,0.6,0.85,4.0,200000,9741365.196056468,3222.698605430789,57,0,9466805.86810786,2904.8987755531057,262,0
18,2500,120,0.5,10058521.01375,10947605.506874999,9622812.094529124,3656.16225,1910.761875,3066.819969852843,383,72,311,18.798955613577025,0.6,0.85,4.0,200000,9622812.094529124,3066.819969852843,72,0,9307123.844903626,2714.9034282851835,264,0
18,2500,120,0.6,10058521.01375,10933922.4055,9496363.016378753,3656.16225,1561.6818,2899.5456058555724,383,86,297,22.45430809399478,0.6,0.85,4.0,200000,9496363.016378753,2899.5456058555724,86,0,9147403.066769967,2524.290381615643,265,0
18,2500,120,0.7,10058521.01375,10920239.304125,9362047.1300197,3656.16225,1212.601725,2621.471324858183,383,108,275,28.198433420365536,0.6,0.85,4.0,200000,9362047.1300197,2621.471324858183,108,0,8987607.234319387,2331.2984836921596,267,0
18,5000,30,0.1,10058521.01375,11959837.912375,10033575.361903146,1947.5499375,1769.33109375,1933.3691937116982,383,2,381,0.5221932114882507,0.6,0.85,4.0,200000,10033575.361903146,1933.3691937116982,2,0,9964862.08341329,1885.4047986522967,160,0
18,5000,30,0.2,10058521.01375,11946154.811,9983040.63456794,1947.5499375,1591.11225,1902.4295040486807,383,8,375,2.088772845953003,0.6,0.85,4.0,200000,9983040.63456794,1902.4295040486807,8,0,9820432.502563804,1809.1536656386368,209,0
18,5000,30,0.3,10058521.01375,11932471.709624998,9914701.774578635,1947.5499375,1412.89340625,1859.5415449631687,383,16,367,4.177545691906006,0.6,0.85,4.0,200000,9914701.774578635,1859.5415449631687,16,0,9668006.601882135,1727.928143040237,237,0
18,5000,30,0.4,10058521.01375,11918788.60825,9835612.512165176,1947.5499375,1234.6745625,1810.8187115784438,383,26,357,6.788511749347259,0.6,0.85,4.0,200000,9835612.512165176,1810.8187115784438,26,0,9511040.357830118,1645.2001638286179,249,0
18,5000,30,0.5,10058521.01375,11905105.506874999,9744983.847685108,1947.5499375,1056.45571875,1762.1358155480093,383,32,351,8.355091383812011,0.6,0.85,4.0,200000,9744983.847685108,1762.1358155480093,32,0,9352929.550070554,1564.6716000700783,255,0
18,5000,30,0.6,10058521.01375,11891422.4055,9643988.980499169,1947.5499375,878.236875,1695.1251450813572,383,44,339,11.488250652741515,0.6,0.85,4.0,200000,9643988.980499169,1695.1251450813572,44,0,9194130.958839506,1453.8226164346245,256,0
18,5000,30,0.7,10058521.01375,11877739.304125,9536303.330672722,1947.5499375,700.0180312500001,1641.949954262662,383,49,334,12.793733681462141,0.6,0.85,4.0,200000,9536303.330672722,1641.949954262662,49,0,9034661.80873941,1358.0068988135286,261,0
18,5000,60,0.1,10058521.01375,11959837.912375,10033575.361903146,2517.087375,2281.9147875,2496.055407423396,383,2,381,0.5221932114882507,0.6,0.85,4.0,200000,10033575.361903146,2496.055407423396,2,0,9964862.08341329,2427.4667873045933,160,0
18,5000,60,0.2,10058521.01375,11946154.811,9983040.63456794,2517.087375,2046.7422,2450.547108097361,383,8,375,2.088772845953003,0.6,0.85,4.0,200000,9983040.63456794,2450.547108097361,8,0,9820432.502563804,2318.9437312772734,209,0
18,5000,60,0.3,10058521.01375,11932471.709624998,9914701.774578635,2517.087375,1811.5696125,2387.8751499263376,383,16,367,4.177545691906006,0.6,0.85,4.0,200000,9914701.774578635,2387.8751499263376,16,0,9668006.601882135,2204.2037560804742,237,0
18,5000,60,0.4,10058521.01375,11918788.60825,9835612.512165176,2517.087375,1576.397025,2316.480563156887,383,26,357,6.788511749347259,0.6,0.85,4.0,200000,9835612.512165176,2316.480563156887,26,0,9511040.357830118,2087.7212276572354,249,0
18,5000,60,0.5,10058521.01375,11905105.506874999,9744983.847685108,2517.087375,1341.2244375,2245.3141310960186,383,32,351,8.355091383812011,0.6,0.85,4.0,200000,9744983.847685108,2245.3141310960186,32,0,9352929.550070554,1974.1412001401566,255,0
18,5000,60,0.6,10058521.01375,11891422.4055,9643988.980499169,2517.087375,1106.05185,2148.4802701627145,383,44,339,11.488250652741515,0.6,0.85,4.0,200000,9643988.980499169,2148.4802701627145,44,0,9194130.958839506,1819.1734128692485,256,0
18,5000,60,0.7,10058521.01375,11877739.304125,9536303.330672722,2517.087375,870.8792625000001,2071.3796585253235,383,49,334,12.793733681462141,0.6,0.85,4.0,200000,9536303.330672722,2071.3796585253235,49,0,9034661.80873941,1687.0053376270569,261,0
18,5000,120,0.1,10058521.01375,11959837.912375,10033575.361903146,3656.16225,3307.0821750000005,3621.427834846793,383,2,381,0.5221932114882507,0.6,0.85,4.0,200000,10033575.361903146,3621.427834846793,2,0,9964862.08341329,3511.5907646091864,160,0
18,5000,120,0.2,10058521.01375,11946154.811,9983040.63456794,3656.16225,2958.0021,3546.7823161947226,383,8,375,2.088772845953003,0.6,0.85,4.0,200000,9983040.63456794,3546.7823161947226,8,0,9820432.502563804,3338.523862554547,209,0
18,5000,120,0.3,10058521.01375,11932471.709624998,9914701.774578635,3656.16225,2608.922025,3444.542359852675,383,16,367,4.177545691906006,0.6,0.85,4.0,200000,9914701.774578635,3444.542359852675,16,0,9668006.601882135,3156.754982160948,237,0
18,5000,120,0.4,10058521.01375,11918788.60825,9835612.512165176,3656.16225,2259.8419499999995,3327.8042663137744,383,26,357,6.788511749347259,0.6,0.85,4.0,200000,9835612.512165176,3327.8042663137744,26,0,9511040.357830118,2972.763355314471,249,0
18,5000,120,0.5,10058521.01375,11905105.506874999,9744983.847685108,3656.16225,1910.761875,3211.670762192037,383,32,351,8.355091383812011,0.6,0.85,4.0,200000,9744983.847685108,3211.670762192037,32,0,9352929.550070554,2793.080400280313,255,0
18,5000,120,0.6,10058521.01375,11891422.4055,9643988.980499169,3656.16225,1561.6818,3055.190520325429,383,44,339,11.488250652741515,0.6,0.85,4.0,200000,9643988.980499169,3055.190520325429,44,0,9194130.958839506,2549.8750057384973,256,0
18,5000,120,0.7,10058521.01375,11877739.304125,9536303.330672722,3656.16225,1212.601725,2930.239067050648,383,49,334,12.793733681462141,0.6,0.85,4.0,200000,9536303.330672722,2930.239067050648,49,0,9034661.80873941,2345.0022152541137,261,0
